契約,ch,種別,CIRCUITNUMBER,EXTRANUMBER,Product,ch,消費,tenant,,請求確認企業,必要対応,,"回線数
0ABJ:¥500 FC:¥2,000","ch
¥1,500
ユニットchの対応が必要かどうか",IP回線基本料,担当,
"【再販03番号契約１】03番号（E-circuit05 ①）
d309447913
4ch
本契約コードの次回申請は4/25以降の申請が可能",4,基本番号,0344138121,,,,,No matching records found,,,,,,,,,
,,追加番号,0344138122,,Lead,4ch,4ch,wellspartners01,,株式会社Wells Partners,,IP回線基本料ー確認必要,◯,◯,"あり（3,009）",ota,https://invoice.moneyforward.com/billings?view_mode=preview&range_key=created_at&from=2016-12-01&to=2023-10-31&document_number=&document_keywords=partner_id%3ABMd1hoEIhD-KYSMyWdaC6Q
,,追加番号,0344138123,,Lead,4ch,,wellspartners01,,,,,,,,,
,,,,,,,,,,,,,,,,,
"【再販03番号契約２】03番号（E-circuit05 ②）
d440752171
19ch
本契約コードの次回申請は5/25以降の申請が可能",19,基本番号,0344138124,,,,,No matching records found,,,,,,,,,
,,追加番号,0344138125,08003006790,Lead,14ch,14ch,if-partner01,,株式会社IFパートナー,請求修正ー確認必要,IP回線基本料ー確認必要,【不足】番号利用料フリーダイヤル：2,"◯
【ユニットch対応】以下3パターン
①手数料をいただいてグループ化を実施（＋SA~SC回線へ同番移行）
②14chを5回線で分け合うか
③14*5で70chいただくか","あり（3,015）",ayui,https://invoice.moneyforward.com/billings?view_mode=preview&range_key=created_at&from=2016-12-01&to=2023-10-31&document_number=&document_keywords=partner_id%3AePcfaT-9yW0OTUS51UhtXw
,,追加番号,0344138126,08007009515,Lead,14ch,,if-partner01,,,,,,,,,
,,追加番号,0344138127,08000807479,Lead,14ch,,if-partner01,,,,,,,,,
,,追加番号,0344138136,08001236915,Lead,14ch,,if-partner01,,,,,,,,,
,,追加番号,0363658529,08000807587,Lead,14ch,,if-partner01,,,,,,,,,
,,追加番号,0342538929,08005008405,Lead,5ch,5ch,libunite,,libUnite株式会社,対応不要,,◯,◯,なし,ota,https://invoice.moneyforward.com/billings?view_mode=preview&range_key=created_at&from=2016-12-01&to=2023-10-31&document_number=&document_keywords=partner_id%3AuvtlSjEkWZR2P93TqAO0Jw
,,,,,,,,,,,,,,,,,
"【再販03番号契約３】03番号（E-circuit05 ③）
d791994124
50ch
本契約コードの次回申請は8/2以降の申請が可能",50,基本番号,0344138129,,,,,No matching records found,,,,,,,,,
,,追加番号,0344138034,,Lead,50ch,50ch,agent-network,,株式会社エージェント,,IP回線基本料ー確認必要,◯,"◯
【ユニットch対応】50ch以上なので、専用契約箱とする","あり（4,500）",ota,https://invoice.moneyforward.com/billings?view_mode=preview&range_key=created_at&from=2016-12-01&to=2023-10-31&document_number=&document_keywords=partner_id%3AjaNZHTPDDWaJ4TWwaBV29w
,,追加番号,0363658527,,Lead,50ch,,agent-network,,,,,,,,,
,,追加番号,0363658528,,Lead,50ch,,agent-network,,,,,,,,,
,,追加番号,0342418923,0120983542,Lead,50ch,,agent-network,,,,,,,,,
,,追加番号,0342418924,0120905860,Lead,50ch,,agent-network,,,,,,,,,
,,追加番号,0342418951,,Lead,50ch,,agent-network,,,,,,,,,
,,追加番号,0342418794,,Lead,50ch,,agent-network,,,,,,,,,
,,追加番号,0343166136,,Lead,50ch,,agent-network,,,,,,,,,
,,追加番号,0343166162,,Lead,50ch,,agent-network,,,,,,,,,
,,追加番号,0343166163,,Lead,50ch,,agent-network,,,,,,,,,
,,追加番号,0359316790,0120988470,Lead,50ch,,agent-001,,,,,,,,,
,,追加番号,0359316791,,Lead,50ch,,agent-001,,,,,,,,,
,,追加番号,0359316792,,Lead,50ch,,agent-001,,,,,,,,,
,,追加番号,0359316793,,Lead,50ch,,agent-001,,,,,,,,,
,,追加番号,0343060121,,Lead,50ch,,agent-network,,,,,,,,,
,,追加番号,0343060108,,Lead,50ch,,agent-network,,,,,,,,,
,,追加番号,0343060117,,Lead,50ch,,agent-network,,,,,,,,,
,,追加番号,0343060150,,Lead,50ch,,agent-network,,,,,,,,,
,,追加番号,0343060175,,Lead,50ch,,agent-network,,,,,,,,,
,,追加番号,0343060176,,Lead,50ch,,agent-network,,,,,,,,,
,,追加番号,0342844725,,Lead,50ch,,agent-network,,,,,,,,,
,,追加番号,0342844726,,Lead,50ch,,agent-network,,,,,,,,,
,,追加番号,0342844749,,Lead,50ch,,agent-network,,,,,,,,,
,,追加番号,0363280467,,Lead,50ch,,agent-network,,,,,,,,,
,,追加番号,0363280468,,Lead,50ch,,agent-network,,,,,,,,,
,,追加番号,0363280477,,Lead,50ch,,agent-network,,,,,,,,,
,,,,,,,,,,,,,,,,,
"【再販03番号契約４】03番号（F-circuit05 ①）
d486708383
60ch
本契約コードの次回申請は4/26以降の申請が可能",60,基本番号,0363658523,,,,,No matching records found,,,,,,,,,
,,追加番号,0363658524,0120224909,Lead,60ch,60ch,aml,,株式会社青山メインランド,,IP回線基本料ー確認必要,◯,"◯
【ユニットch対応】50ch以上なので、専用契約箱とする","あり（4,500）",atsuki,https://invoice.moneyforward.com/billings?view_mode=preview&range_key=created_at&from=2016-12-01&to=2023-10-31&document_number=&document_keywords=partner_id%3A_8rKmejp-BIySQBv77ly6A
,,追加番号,0363658525,0120861033,Lead,60ch,,aml,,,,,,,,,
,,追加番号,0342418976,,Lead,60ch,,aml,,,,,,,,,
,,追加番号,0342418977,,Lead,60ch,,aml,,,,,,,,,
,,,,,,,,,,,,,,,,,
"【再販03番号契約５】03番号（F-circuit05 ②）
d651055021
34ch
本契約コードの次回申請は5/18以降の申請が可能",34,基本番号,0342125907,,Lead,,,No matching records found,,,,,,,,,
,,追加番号,0342125908,,Lead,34ch,34ch,road01,,株式会社Road,請求修正ー確認必要,IP回線基本料ー確認必要,【不足】番号利用料0ABJ：2,"◯
【ユニットch対応】以下3パターン
①手数料をいただいてグループ化を実施（＋SA~SC回線へ同番移行）
②34chを10回線で分け合うか
③34*10で340chいただくか","あり（4,500）",ayui,https://invoice.moneyforward.com/billings?view_mode=preview&range_key=created_at&from=2016-12-01&to=2023-10-31&document_number=&document_keywords=partner_id%3AJFNiBZDopcJxp9nv55nA2Q
,,追加番号,0342125909,,Lead,34ch,,road01,,,,,,,,,
,,追加番号,0342125910,,Lead,34ch,,road01,,,,,,,,,
,,追加番号,0342125911,,Lead,34ch,,road01,,,,,,,,,
,,追加番号,0342125912,,Lead,34ch,,road01,,,,,,,,,
,,追加番号,0342418972,0120426676,Lead,34ch,,road01,,,,,,,,,
,,追加番号,0342418918,,Lead,34ch,,road01,,,,,,,,,
,,追加番号,0342418919,,Lead,34ch,,road01,,,,,,,,,
,,追加番号,0342418920,0120959285,Lead,34ch,,road01,,,,,,,,,
,,追加番号,0342125945,0120426959,Lead,34ch,,road01,,,,,,,,,
,,,,,,,,,,,,,,,,,
"【再販03番号契約７】03番号（E-circuit05 ④） 
d567899945 
30ch 
本契約コードの次回申請は7/1以降の申請が可能",23,基本番号,0344138035,,,,,No matching records found,,,,,,,,,
,,追加番号,0344138039,,Lead,1ch,1ch,p-g,,株式会社プレジデント・ギア,対応不要,,◯,◯,なし,-,https://invoice.moneyforward.com/billings?view_mode=preview&range_key=created_at&from=2016-12-01&to=2023-10-31&document_number=&document_keywords=partner_id%3AoWdTBrFK8P9jEbaFojQMmQ
,,追加番号,0342125953,,Lead,3ch,3ch,port,,ポート株式会社,,IP回線基本料ー確認必要,◯,◯,"あり（4,500）",ota,https://invoice.moneyforward.com/billings?view_mode=preview&range_key=created_at&from=2016-12-01&to=2023-10-31&document_number=&document_keywords=partner_id%3AUpBGSTdBf72JbaE-pn1XnQ
,,追加番号,0342125954,,Lead,1ch,1ch,port,,,,,,,,,
,,追加番号,0344138202,,Lead,3ch,3ch,port,,,,,,,,,
,,追加番号,0342125933,,Lead,2ch,2ch,arinos,,株式会社Arinos,請求修正ー確認必要,IP回線基本料ー確認必要,◯,【過剰】チャネル利用料：単価が480円高い,"あり（4,500）",ayui,https://invoice.moneyforward.com/billings?view_mode=preview&range_key=created_at&from=2016-12-01&to=2023-10-31&document_number=&document_keywords=partner_id%3AYUSuWozD2JcABsDcPR6Yzw
,,追加番号,0342418949,,Lead,13ch,13ch,reviance01,,株式会社リバァイアンス,請求修正ー確認必要,,◯,【過剰】チャネル利用料：請求が24、提供が13,"あり（4,500）",ota,https://invoice.moneyforward.com/billings?view_mode=preview&range_key=created_at&from=2016-12-01&to=2023-10-31&document_number=&document_keywords=partner_id%3AS6D7nxx9HgZBTs1VU3a0kg
,,,,,,,,,,,,,,,,,
"【再販03番号契約８】03番号（F-circuit05 ④）
d110061112
41ch
本契約コードの次回申請は8/22以降の申請が可能",2,基本番号,0342418978,,,,,No matching records found,,,,,,,,,
,,追加番号,0342125947,0120995379,Lead,1ch,1ch,tearjapan01,,株式会社ティアジャパン,,IP回線基本料ー確認必要,◯,◯,"あり（4,500）",ayui,https://invoice.moneyforward.com/billings?view_mode=preview&range_key=created_at&from=2016-12-01&to=2023-10-31&document_number=&document_keywords=partner_id%3ALfR9_JkKjfInIj97jZIqWw
,,追加番号,0342125948,,Lead,1ch,1ch,miraiz,,miraiz株式会社,,,◯,◯,なし,,https://invoice.moneyforward.com/billings?view_mode=preview&range_key=created_at&from=2016-12-01&to=2023-10-31&document_number=&document_keywords=partner_id%3A3-yxfT18j0IVoElcoRE7qA
,,,,,,,,,,,,,,,,,
"【再販03番号契約９】03番号（F-circuit05 ⑤）
d944035480
25ch
本契約コードの次回申請は4/19以降の申請が可能",25,基本番号,0342418780,,,,,No matching records found,,,,,,,,,
,,追加番号,0342418781,,Lead,25ch,25ch,cellpromote01,,セルプロモート株式会社,請求修正ー確認必要,IP回線基本料ー確認必要,◯,"【過剰】チャネル利用料：単価が500円高い

【ユニットch対応】以下3パターン
①手数料をいただいてグループ化を実施（＋SA~SC回線へ同番移行）
②25chを5回線で分け合うか
③25*5で100chいただくか","あり（4,500）",ota,https://invoice.moneyforward.com/billings?view_mode=preview&range_key=created_at&from=2016-12-01&to=2023-10-31&document_number=&document_keywords=partner_id%3AZwRVc7cS7NZrPkCMmarZOQ
,,追加番号,0342418782,,Lead,25ch,,cellpromote01,,,,,,,,,
,,追加番号,0342418783,,Lead,25ch,,cellpromote01,,,,,,,,,
,,追加番号,0342418784,,Lead,25ch,,cellpromote01,,,,,,,,,
,,追加番号,0342418785,,Lead,25ch,,cellpromote01,,,,,,,,,
,,,,,,,,,,,,,,,,,
"【再販03番号契約１０】03番号（G-circuit05 ①）
d892734146
48ch
本契約コードの次回申請は8/1以降の申請が可能",48,基本番号,0345468320,,Lead,48ch,48ch,i-sta,,株式会社アイ・ステーション,,IP回線基本料ー確認必要,◯,"◯
【ユニットch対応】50chに近しいので、専用契約箱とする","あり（4,500）",ayui,https://invoice.moneyforward.com/billings?view_mode=preview&range_key=created_at&from=2016-12-01&to=2023-10-31&document_number=&document_keywords=partner_id%3AZKWzyu2tUP4r1ToGg3ZHow
,,追加番号,0345468321,08007775208,Lead,48ch,,i-sta,,,,,,,,,
,,追加番号,0345468322,,Lead,48ch,,i-sta,,,,,,,,,
,,追加番号,0345468323,,Lead,48ch,,i-sta,,,,,,,,,
,,追加番号,0345468324,,Lead,48ch,,i-sta,,,,,,,,,
,,追加番号,0345468325,,Lead,48ch,,i-sta,,,,,,,,,
,,追加番号,0345468327,,Lead,48ch,,i-sta,,,,,,,,,
,,追加番号,0345468328,,Lead,48ch,,i-sta,,,,,,,,,
,,追加番号,0345468329,,Lead,48ch,,i-sta,,,,,,,,,
,,追加番号,0345468347,,Lead,48ch,,i-sta,,,,,,,,,
,,追加番号,0345468358,,Lead,48ch,,i-sta,,,,,,,,,
,,追加番号,0359316721,,Lead,48ch,,i-sta,,,,,,,,,
,,追加番号,0342418980,,Lead,48ch,,i-sta,,,,,,,,,
,,追加番号,0343060111,,Lead,48ch,,i-sta,,,,,,,,,
,,追加番号,0343060133,,Lead,48ch,,i-sta,,,,,,,,,
,,,,,,,,,,,,,,,,,
"【再販03番号契約１１】03番号（F-circuit10 ①）
d719933273
115ch
本契約コードの次回申請は8/18以降の申請が可能",93,基本番号,0345468356,,,,,No matching records found,,,,,,,,,
,,追加番号,0343060134,,Lead,2ch,2ch,tsunagu,,株式会社つなぐコンサルティング,請求修正ー確認必要,IP回線基本料ー確認必要,◯,【過剰】チャネル利用料：単価が500円高い,"あり（4,500）",,https://invoice.moneyforward.com/billings?view_mode=preview&range_key=created_at&from=2016-12-01&to=2023-10-31&document_number=&document_keywords=partner_id%3ADjeen03ycTmzbkjbwR2xHw
,,追加番号,0343060135,,Lead,5ch,5ch,teleapo-center,,株式会社日本テレアポセンター,請求修正ー確認必要,,◯,【不足】チャネル利用料：1ch不足,なし,,https://invoice.moneyforward.com/billings?view_mode=preview&range_key=created_at&from=2016-12-01&to=2023-10-31&document_number=&document_keywords=partner_id%3AK02zyxHKA5YEv94l63gpsg
,,追加番号,0343060136,,Lead,5ch,5ch,kakehashi,,株式会社カケハシ,請求修正ー確認必要,,◯,【不足】チャネル利用料：2ch不足,なし,,https://invoice.moneyforward.com/billings?view_mode=preview&range_key=created_at&from=2016-12-01&to=2023-10-31&document_number=&document_keywords=partner_id%3AdkxzLRHUTDrpxQVQSd5NKQ
,,追加番号,0343060137,,Lead,1ch,1ch,cloud-japan-llc,,合同会社クラウドジャパン,請求修正ー確認必要,,◯,【過剰】チャネル利用料：単価が500円高い,なし,,https://invoice.moneyforward.com/billings?view_mode=preview&range_key=created_at&from=2016-12-01&to=2023-10-31&document_number=&document_keywords=partner_id%3A3o3AFgYHhnEdRp-feivFQQ
,,追加番号,0343060139,,Lead,3ch,3ch,n-three,,株式会社N3,請求修正ー確認必要,,【不足】番号利用料0ABJ：1不足,【不足】チャネル利用料：3ch不足,なし,,https://invoice.moneyforward.com/billings?view_mode=preview&range_key=created_at&from=2016-12-01&to=2023-10-31&document_number=&document_keywords=partner_id%3AQSfbIG04AV_T_KSI3otOdg
,,追加番号,0343060161,,Lead,20ch,20ch,cacgr,,株式会社シーエーシー,対応不要,,請求未開始,請求未開始,なし,,https://invoice.moneyforward.com/billings?view_mode=preview&range_key=created_at&from=2016-12-01&to=2023-10-31&document_number=&document_keywords=partner_id%3ADwul6U-n-Ntk1Zsgt6LX3Q
,,追加番号,0343060163,,Lead,5ch,5ch,callhacker001,,株式会社FTJ,対応不要,,◯,◯,なし,,
,,追加番号,0342538912,,Lead,1ch,1ch,callhacker001,,,,,,,,,
,,追加番号,0343060164,,Lead,4ch,4ch,theoq,,合同会社OQ,対応不要,,◯,◯,なし,,https://invoice.moneyforward.com/billings?view_mode=preview&range_key=created_at&from=2016-12-01&to=2023-10-31&document_number=&document_keywords=partner_id%3AIMdKe70fz1DjHF7sYZOckw
,,追加番号,0342538950,0120984681,Lead,1ch,1ch,eiff,,株式会社Eiff,対応不要,,◯,◯,なし,,https://invoice.moneyforward.com/billings?view_mode=preview&range_key=created_at&from=2016-12-01&to=2023-10-31&document_number=&document_keywords=partner_id%3Ao7bSgVMaPujkUiveaF4ejQ
,,追加番号,0342538913,,Lead,21ch,21ch,akexpedition,,株式会社AK expedition,請求修正ー確認必要,,◯,【不足】チャネル利用料：3ch不足,なし,ayui,https://invoice.moneyforward.com/billings?view_mode=preview&range_key=created_at&from=2016-12-01&to=2023-10-31&document_number=&document_keywords=partner_id%3AzxM6fU1bxqUSX48yxtOFgA
,,追加番号,0342538914,,Lead,1ch,1ch,designfirst,,デザインファースト株式会社,請求修正ー確認必要,,"【不足】IP回線プランもない
【不足】番号利用料0ABJ：1不足","【不足】IP回線プランもない
【不足】チャネル利用料：1ch不足",なし,ayui,https://invoice.moneyforward.com/billings?view_mode=preview&range_key=created_at&from=2016-12-01&to=2023-10-31&document_number=&document_keywords=partner_id%3AkDTAdVkGBcexitRGKgqi0w
,,追加番号,0342538916,,Lead,5ch,5ch,gm-j,,GM住販株式会社,請求修正ー確認必要,,◯,【不足】チャネル利用料：5ch不足,なし,ayui,https://invoice.moneyforward.com/billings?view_mode=preview&range_key=created_at&from=2016-12-01&to=2023-10-31&document_number=&document_keywords=partner_id%3Awg_lDvu6nL5j9e_VCF1RBg
,,追加番号,0342538919,,Lead,2ch,2ch,gm-j,,,,,,,,,
,,追加番号,0342538917,,Lead,2ch,2ch,so-mi,,株式会社想実,対応不要,,◯,◯,なし,,https://invoice.moneyforward.com/billings?view_mode=preview&range_key=created_at&from=2016-12-01&to=2023-10-31&document_number=&document_keywords=partner_id%3APVhHO1CDdJbTmwSItAivtQ
,,追加番号,0342538918,,Lead,5ch,5ch,trinias01,,株式会社トリニアス,請求修正ー確認必要,,【不足】番号利用料0ABJ：数確認,"【不足】チャネル利用料：数確認


【ユニットch対応】以下3パターン
①手数料をいただいてグループ化を実施（＋SA~SC回線へ同番移行）
②？？？chを？？？回線で分け合うか
③？？？*？？？で？？？chいただくか",なし,ota,https://invoice.moneyforward.com/billings?view_mode=preview&range_key=created_at&from=2016-12-01&to=2023-10-31&document_number=&document_keywords=partner_id%3A2zPZxS7Jj2W1pQFN1DJYLg
,,追加番号,0342538934,,Lead,5ch,5ch,trinias01,,,,,,,,,
,,追加番号,0342538933,,Lead,5ch,5ch,e3,,株式会社E-3,請求修正ー確認必要,IP回線基本料ー確認必要,◯,"【不足】チャネル利用料：10ch不足

【ユニットch対応】以下3パターン
①手数料をいただいてグループ化を実施（＋SA~SC回線へ同番移行）
②5chを3回線で分け合うか
③5*3で15chいただくか","あり（4,500）",,https://invoice.moneyforward.com/billings?view_mode=preview&range_key=created_at&from=2016-12-01&to=2023-10-31&document_number=&document_keywords=partner_id%3AnRjU4UG28dTcsmpp6kwZyQ
,,,,,,,,,,,,,,,,,
"【再販03番号契約１３】03番号（E-circuit05 ⑥）
d322479961
8ch
本契約コードの次回申請は5/2以降の申請が可能",8,基本番号,0359316760,,,,,No matching records found,,,,,,,,,
,,追加番号,0359316761,,Lead,8ch,8ch,cw01,,クレスフォート法律事務所,請求修正ー確認必要,IP回線基本料ー確認必要,【不足】番号利用料0ABJ：1不足,"◯

【ユニットch対応】以下3パターン
①手数料をいただいてグループ化を実施（＋SA~SC回線へ同番移行）
②8chを3回線で分け合うか
③8*3で24chいただくか","あり（3,006）",ayui,https://invoice.moneyforward.com/billings?view_mode=preview&range_key=created_at&from=2016-12-01&to=2023-10-31&document_number=&document_keywords=partner_id%3AESonB41-x_vJ5a0Vvn9QUA
,,追加番号,0359316762,,Lead,8ch,,cw01,,,,,,,,,
,,追加番号,0359316763,0120914895,Lead,8ch,,cw01,,,,,,,,,
,,,,,,,,,,,,,,,,,
"【再販03番号契約１４】03番号（SC-circuit05 ①）
d689989857
5ch
本契約コードの次回申請は6/22以降の申請が可能",5,基本番号,0343661595,,,,,No matching records found,,,,,,,,,
,,追加番号,0359316750,,Lead,,,e3,,株式会社E-3,,,,,,,
,,,,,,,,,,,,,,,,,
"【再販03番号契約１５】03番号（SB-circuit09 ①）
d966918179
56ch
本契約コードの次回申請は8/1以降の申請が可能",46,基本番号,0342182868,,,,,No matching records found,,,,,,,,,
,,追加番号,0343661511,,Lead,1ch,1ch,teleapo-center,,株式会社日本テレアポセンター,,,,,,,
,,追加番号,0342211604,0120907783,Lead,45ch,45ch,trinias01,,株式会社トリニアス,,,,,,,
,,,,,,,,,,,,,,,,,
"【再販03番号契約１６】03番号（SB-circuit10 ①）
d336527840
11ch
本契約コードの次回申請は6/23以降の申請が可能",11,基本番号,0343661585,,,,,No matching records found,,,,,,,,,
,,追加番号,0343661586,,Lead,11ch,11ch,visionary-marketing,,株式会社ビジョナリーマーケティング,請求修正ー確認必要,,◯,"【不足】チャネル利用料：14chなので2ch不足


【ユニットch対応】以下3パターン
①手数料をいただいてグループ化を実施（＋SA~SC回線へ同番移行）
②11chを5回線で分け合うか
③11*5=55ch+3chで58chいただくか",なし,ota,https://invoice.moneyforward.com/billings?view_mode=preview&range_key=created_at&from=2016-12-01&to=2023-10-31&document_number=&document_keywords=partner_id%3ARq87t9px9V8ORveQJEeIYQ
,,追加番号,0343661588,,Lead,11ch,,visionary-marketing,,,,,,,,,
,,追加番号,0343661592,,Lead,11ch,,visionary-marketing,,,,,,,,,
,,追加番号,0343661593,,Lead,11ch,,visionary-marketing,,,,,,,,,
,,追加番号,0342211623,,Lead,11ch,,visionary-marketing,,,,,,,,,
,,,,,,,,,,,,,,,,,
"【再販03番号契約１７】03番号（G-circuit06 ②）
d728179877
90ch
本契約コードの次回申請は7/11以降の申請が可能",62,基本番号,0345468361,,,,,No matching records found,,,,,,,,,
,,追加番号,0345468362,,Flat,2ch,2ch,again,,株式会社アゲイン,対応不要,,◯,◯,なし,,https://invoice.moneyforward.com/billings?view_mode=preview&range_key=created_at&from=2016-12-01&to=2023-10-31&document_number=&document_keywords=partner_id%3AI6W0r0GpBagu-0p34nCF3g
,,追加番号,0343060214,,Flat,7ch,7ch,again,,,,,,,,,
,,追加番号,0345468363,,Flat,2ch,2ch,ethica,,株式会社ethica,対応不要,,◯,◯,なし,,https://invoice.moneyforward.com/billings?view_mode=preview&range_key=created_at&from=2016-12-01&to=2023-10-31&document_number=&document_keywords=partner_id%3AYRrWoFdpsM5OMVGd1AEi7Q
,,追加番号,0345468364,,Flat,6ch,6ch,i-connect,,株式会社アイコネクト,対応不要,,◯,◯,なし,,https://invoice.moneyforward.com/billings?view_mode=preview&range_key=created_at&from=2016-12-01&to=2023-10-31&document_number=&document_keywords=partner_id%3AbJ91t1jy9g8RAUB5t3PuhQ
,,追加番号,0345468365,,Flat,2ch,2ch,i-connect,,,,,,,,,
,,追加番号,0342418925,,Flat,2ch,2ch,i-connect,,,,,,,,,
,,追加番号,0343060212,,Flat,4ch,4ch,i-connect,,,,,,,,,
,,追加番号,0343060215,,Flat,2ch,2ch,i-connect,,,,,,,,,
,,追加番号,0345468366,,Flat,2ch,2ch,i-connect,,,,,,,,,
,,追加番号,0345468367,,Flat,2ch,2ch,nijinohoshi,,にじのほし株式会社,対応不要,,◯,◯,なし,,https://invoice.moneyforward.com/billings?view_mode=preview&range_key=created_at&from=2016-12-01&to=2023-10-31&document_number=&document_keywords=partner_id%3AuZgCxJG9gFzHAXfncjVjmg
,,追加番号,0345468369,,Flat,2ch,2ch,ambr,,株式会社ambr,対応不要,,◯,◯,なし,,https://invoice.moneyforward.com/billings?view_mode=preview&range_key=created_at&from=2016-12-01&to=2023-10-31&document_number=&document_keywords=partner_id%3ABiH5NneTj_Wdgmf0cjLVww
,,追加番号,0345468370,,Flat,2ch,2ch,ambr,,,,,,,,,
,,追加番号,0345468371,,Flat,2ch,2ch,ambr,,,,,,,,,
,,追加番号,0343166133,,Flat,2ch,2ch,kibo,,株式会社KIBO,対応不要,,◯,◯,なし,,https://invoice.moneyforward.com/billings?view_mode=preview&range_key=created_at&from=2016-12-01&to=2023-10-31&document_number=&document_keywords=partner_id%3AcwSAgVZjNSIyK_V8FaQeTA
,,追加番号,0345468348,,Flat,2ch,2ch,a-cial04,,株式会社アーシャルデザイン,請求修正ー確認必要,,【不足】番号利用料0ABJ：1不足,◯,なし,,https://invoice.moneyforward.com/billings?view_mode=preview&range_key=created_at&from=2016-12-01&to=2023-10-31&document_number=&document_keywords=partner_id%3Aj68kg_NXSm3kUl3emnC5RA
,,追加番号,0342538955,,Flat,2ch,2ch,a-cial-AAT,,,,,,,,,
,,追加番号,0359316723,,Flat,2ch,2ch,ubuntu,,UBUNTU株式会社,対応不要,,◯,◯,なし,,https://invoice.moneyforward.com/billings?view_mode=preview&range_key=created_at&from=2016-12-01&to=2023-10-31&document_number=&document_keywords=partner_id%3AObbCApxwNHJepUZEFKiOjA
,,追加番号,0359316749,,Flat,10ch,10ch,value~creation,,バリュークリエーション株式会社,対応不要,,◯,◯,なし,,https://invoice.moneyforward.com/billings?view_mode=preview&range_key=created_at&from=2016-12-01&to=2023-10-31&document_number=&document_keywords=partner_id%3AiOx1RBGGI9qMjMxwwEHzEQ
,,追加番号,0342125934,,Flat,2ch,2ch,Mer,,株式会社Mer,対応不要,,◯,◯,なし,,https://invoice.moneyforward.com/billings?view_mode=preview&range_key=created_at&from=2016-12-01&to=2023-10-31&document_number=&document_keywords=partner_id%3AuzuRlKRevSCwOpr_55Qm7g
,,追加番号,0342538942,,Flat,2ch,2ch,apms-japan,,株式会社アプメス,対応不要,,◯,◯,なし,,https://invoice.moneyforward.com/billings?view_mode=preview&range_key=created_at&from=2016-12-01&to=2023-10-31&document_number=&document_keywords=partner_id%3A0NUjnP5qUiqHPjbOF-pHaA
,,追加番号,0359316747,,Flat,2ch,2ch,apms-japan,,,,,,,,,
,,追加番号,0342538959,,Flat,1ch,1ch,audem,,オウデム株式会社,請求修正ー確認必要,,◯,【過剰】Comdesk Flat Option : チャネルアップ：1ch過剰,なし,,https://invoice.moneyforward.com/billings?view_mode=preview&range_key=created_at&from=2016-12-01&to=2023-10-31&document_number=&document_keywords=partner_id%3AMMOSsDLic6V8KbuBQBkSnA
,,,,,,,,,,,,,,,,,
"【再販03番号契約１８】03番号（F-2-circuit09 ①）
d619745709
26ch
本契約コードの次回申請は8/9以降の申請が可能",26,基本番号,0363280452,,,,,,,,,,,,,,
,,追加番号,0363280453,0120542384,Lead,2ch,2ch,ecolog,,株式会社エコログマーケティング,請求修正ー確認必要,,【不足】番号利用料フリーダイヤル：1不足（9月から+1予定）,【不足】チャネル利用料：26chなので5ch不足,なし,atsuki,https://invoice.moneyforward.com/billings?view_mode=preview&range_key=created_at&from=2016-12-01&to=2023-10-31&document_number=&document_keywords=partner_id%3Aa46g2MZprVesD-29DhIsag
,,追加番号,0342844758,0120137704,Lead,21ch,21ch,ecolog,,,,,,"【ユニットch対応】以下3パターン
①手数料をいただいてグループ化を実施（＋SA~SC回線へ同番移行）
②21chを7回線で分け合うか
③21*7で147+5chで152chいただくか",,,
,,追加番号,0342844759,0120137181,Lead,21ch,,ecolog,,,,,,,,,
,,追加番号,0342844761,0120137792,Lead,21ch,,ecolog,,,,,,,,,
,,追加番号,0342844762,0120402378,Lead,21ch,,ecolog,,,,,,,,,
,,追加番号,0342844763,0120137673,Lead,21ch,,ecolog,,,,,,,,,
,,追加番号,0342844764,0120137058,Lead,21ch,,ecolog,,,,,,,,,
,,追加番号,0342844765,0120979791,Lead,21ch,,ecolog,,,,,,,,,
,,追加番号,05030952629,0120985751,Lead,3ch,3ch,ecolog,,,,,,,,,
,,,,,,,,,,,,,,,,,
"【再販050番号契約１】050番号（E-circuit05 ⑦）
d952055537
20ch
本契約コードの次回申請は4/28以降の申請が可能",20,基本番号,05031861068,,Lead,20ch,20ch,nkcreate,,株式会社エヌ・ケイ・クリエイト,請求修正ー確認必要,IP回線基本料ー確認必要,"【不足】番号利用料0ABJ：1不足
【基本番号利用NGルール】別番号への番号変更をして貰う必要がある","◯

【ユニットch対応】以下3パターン
①手数料をいただいてグループ化を実施（＋SA~SC回線へ同番移行）
②20chを4回線で分け合うか
③20*4で80chいただくか","あり（3,009）",,https://invoice.moneyforward.com/billings?view_mode=preview&range_key=created_at&from=2016-12-01&to=2023-10-31&document_number=&document_keywords=partner_id%3AC7PMNx5dRe7mjcgWbUOk8g
,,追加番号,05031861069,,Lead,20ch,,nkcreate,,,,,,,,,
,,追加番号,05031861070,,Lead,20ch,,nkcreate2,,,,,,,,,
,,追加番号,05031861071,,Lead,20ch,,nkcreate3,,,,,,,,,
,,,,,,,,,,,,,,,,,
"【再販050番号契約２】050番号（E-circuit05 ⑧）
d622491292
26ch
本契約コードの次回申請は7/20以降の申請が可能",13,基本番号,05031861149,,,,,No matching records found,,,,,,,,,
,,追加番号,05032051671,,Lead,6ch,6ch,nec,,NECネクサソリューションズ株式会社,対応不要,,◯,◯,なし,,https://invoice.moneyforward.com/billings?view_mode=preview&range_key=created_at&from=2016-12-01&to=2023-10-31&document_number=&document_keywords=partner_id%3AF8YFtNdydZnumwvZ9Nrpaw
,,追加番号,05030936265,,Lead,1ch,1ch,microad,,株式会社マイクロアド,対応不要,,◯,◯,なし,,https://widsley.lightning.force.com/lightning/r/Opportunity/0062t0000057GLYAA2/related/OpportunityLineItems/view
,,追加番号,05030942057,,Lead,6ch,6ch,global-cast,,株式会社グローバルキャスト,対応不要,,◯,◯,なし,,https://invoice.moneyforward.com/billings?view_mode=preview&range_key=created_at&from=2016-12-01&to=2023-10-31&document_number=&document_keywords=partner_id%3AKPoxwC6o2TZY6-ZPfpBPCA
,,,,,,,,,,,,,,,,,
"【再販050番号契約３】050番号（E-circuit05 ⑨）
d808162899
1ch
本契約コードの次回申請は4/28以降の申請が可能",16,基本番号,05031861072,,,,,No matching records found,,,,,,,,,
,,追加番号,05031861073,,Lead,1ch,1ch,latest01,,株式会社レイテスト,,IP回線基本料ー確認必要,◯,◯,"あり（4,500）",,https://invoice.moneyforward.com/billings?view_mode=preview&range_key=created_at&from=2016-12-01&to=2023-10-31&document_number=&document_keywords=partner_id%3AgPtmpYOKL0jHACanUIXnUw
,,,0800追加依頼中,,,15ch,15ch,,,株式会社MartialACEHoldeings,対応不要,,◯,◯,なし,,https://widsley.lightning.force.com/lightning/r/Opportunity/0062t000006tkr7AAA/related/OpportunityLineItems/view
,,,,,,,,,,,,,,,,,
"【再販050番号契約４】050番号（F-circuit05 ⑥）
d361003019
18ch
本契約コードの次回申請は5/11以降の申請が可能",18,基本番号,05031598534,,,,,No matching records found,,,,,,,,,
,,追加番号,05031598535,08000807592,Lead,18ch,18ch,doorsholdings,,株式会社ドアーズ,対応不要,,◯,"◯

【ユニットch対応】以下3パターン
①手数料をいただいてグループ化を実施（＋SA~SC回線へ同番移行）
②18chを9回線で分け合うか
③18*9で162chいただくか","あり（4,500）",,https://invoice.moneyforward.com/billings?view_mode=preview&range_key=created_at&from=2016-12-01&to=2023-10-31&document_number=&document_keywords=partner_id%3AuOLB1Nju8S1oWaIaN6ccMg
,,追加番号,05031598630,08005006209,Lead,18ch,,doorsholdings,,,,,,,,,
,,追加番号,05031598631,08007009584,Lead,18ch,,doorsholdings,,,,,,,,,
,,追加番号,05031598632,0120959088,Lead,18ch,,doorsholdings,,,,,,,,,
,,追加番号,05031598633,08000807756,Lead,18ch,,doorsholdings,,,,,,,,,
,,追加番号,05031350467,08007009732,Lead,18ch,,doorsholdings,,,,,,,,,
,,追加番号,05031741369,0120959495,Lead,18ch,,doorsholdings,,,,,,,,,
,,追加番号,05031985525,0120977258,Lead,18ch,,doorsholdings,,,,,,,,,
,,追加番号,05031985690,0120944874,Lead,18ch,,doorsholdings,,,,,,,,,
,,,,,,,,,,,,,,,,,
"【再販050番号契約５】050番号（E-circuit05 ⑩）
d774328574
26ch
本契約コードの次回申請は8/24以降の申請が可能",16,基本番号,05031861076,,,,,No matching records found,,,,,,,,,
,,追加番号,05031861168,,Lead,3ch,3ch,willplace,,株式会社WillPlace,請求修正ー確認必要,IP回線基本料ー確認必要,【不足】番号利用料0ABJ：1不足,【不足】チャネル利用料：4chなので1ch不足,"あり（1,000）",,https://invoice.moneyforward.com/billings?view_mode=preview&range_key=created_at&from=2016-12-01&to=2023-10-31&document_number=&document_keywords=partner_id%3AZRt9zVhzcC8RBBc5VhXWzQ
,,追加番号,05031598531,,Lead,,1ch,willplace,,,,,,,,,
,,追加番号,05031861177,,Lead,3ch,3ch,appgood01,,株式会社アプリグッド,,IP回線基本料ー確認必要,◯,◯,"あり（4,500）",,https://invoice.moneyforward.com/billings?view_mode=preview&range_key=created_at&from=2016-12-01&to=2023-10-31&document_number=&document_keywords=partner_id%3AFIOKhppZJwzC-R6si8r16w
,,追加番号,05030922341,08000803735,Lead,9ch,9ch,blw02,,株式会社Best Life Works,,IP回線基本料ー確認必要,◯,◯,"あり（4,500）",,https://invoice.moneyforward.com/billings?view_mode=preview&range_key=created_at&from=2016-12-01&to=2023-10-31&document_number=&document_keywords=partner_id%3A2ttINmaU_rtCLl8CXLfbkA
,,,,,,,,,,,,,,,,,
"【再販050番号契約６】050番号（F-circuit07 ①）
d906499900
100ch
本契約コードの次回申請は8/18以降の申請が可能",138,基本番号,05031982028,,,,,No matching records found,,,,,,,,,
,,追加番号,05031982072,,Lead,1ch,1ch,apexline,,株式会社アペックスライン,対応不要,,◯,◯,なし,,https://invoice.moneyforward.com/billings?view_mode=preview&range_key=created_at&from=2016-12-01&to=2023-10-31&document_number=&document_keywords=partner_id%3AX2a9NiWZpdanqqoEio0WAw
,,追加番号,05031982073,,Lead,1ch,1ch,apexline,,,,,,,,,
,,追加番号,05030946271,,Lead,,71ch,trinias01,,株式会社トリニアス,,,,,,,
,,追加番号,05030946338,,Lead,,,trinias01,,,,,,,,,
,,追加番号,05030946347,,Lead,,,trinias01,,,,,,,,,
,,追加番号,05030946516,,Lead,,,trinias01,,,,,,,,,
,,追加番号,05030946694,,Lead,,,trinias01,,,,,,,,,
,,追加番号,05030946807,,Lead,,,trinias01,,,,,,,,,
,,追加番号,05030946850,,Lead,,,trinias01,,,,,,,,,
,,追加番号,05030947043,,Lead,,,trinias01,,,,,,,,,
,,追加番号,05030947050,,Lead,,,trinias01,,,,,,,,,
,,追加番号,,,Lead,,,trinias01,,,,,,,,,
,,追加番号,,,Lead,,,trinias01,,,,,,,,,
,,追加番号,,,Lead,,,trinias01,,,,,,,,,
,,追加番号,05030947059,08001239149,Lead,50ch,50ch,myhm,,株式会社マイホム,請求修正ー確認必要,,"確認中
https://widsley.slack.com/archives/C02EUMECCJV/p1692778645150899?thread_ts=1686563118.372669&cid=C02EUMECCJV",【不足】チャネル利用料：実提供回線「08001239149」が50chなので、21chしか請求できていない→29ch不足,なし,ayui,https://invoice.moneyforward.com/billings?view_mode=preview&range_key=created_at&from=2016-12-01&to=2023-10-31&document_number=&document_keywords=partner_id%3AFjHrofPxS8jwqogQP2eTTg
,,追加番号,05030947682,08003005688,Lead,15ch,15ch,yamato-r,,株式会社大和不動産,請求修正ー確認必要,,【過剰】番号利用料フリーダイヤル：1過剰,◯,なし,ayui,https://invoice.moneyforward.com/billings?view_mode=preview&range_key=created_at&from=2016-12-01&to=2023-10-31&document_number=&document_keywords=partner_id%3AFT5Wf7yxOcE21BDDmGVBZQ
,,,,,,,,,,,,,,,,,
"【再販050番号契約７】050番号（E-circuit10 ①）
d876547547
70ch
本契約コードの次回申請は8/18以降の申請が可能",36,基本番号,05031747239,,,,,No matching records found,,,,,,,,,
,,追加番号,05030957850,,Lead,2ch,2ch,croel,,株式会社クロエル,対応不要,,◯,◯,なし,,https://invoice.moneyforward.com/billings?view_mode=preview&range_key=created_at&from=2016-12-01&to=2023-10-31&document_number=&document_keywords=partner_id%3AzIOlxJXoM4m0UMcAFP5xCg
,,追加番号,05030957851,,Lead,3ch,3ch,croel,,,,,,,,,
,,追加番号,05030922345,,Lead,2ch,2ch,cynthialy,,Cynthialy株式会社,対応不要,,◯,◯,なし,,https://invoice.moneyforward.com/billings?view_mode=preview&range_key=created_at&from=2016-12-01&to=2023-10-31&document_number=&document_keywords=partner_id%3AojvWjIz69ZrBdV4PteNsWQ
,,追加番号,05030936001,,Lead,2ch,2ch,openstore-japan,,オープンストア株式会社,請求修正ー確認必要,,【不足】番号利用料0ABJ：2不足,"【ユニットch対応】以下3パターン
①手数料をいただいてグループ化を実施（＋SA~SC回線へ同番移行）
②2chを2回線で分け合うか
③2*2で4chいただくか",なし,ota,https://invoice.moneyforward.com/billings?view_mode=preview&range_key=created_at&from=2016-12-01&to=2023-10-31&document_number=&document_keywords=partner_id%3AW8RKQZXs5gsJF3IfCI4iZA
,,追加番号,05030936397,,Lead,2ch,,openstore-japan,,,,,,,,,
,,追加番号,05030922346,,Lead,1ch,1ch,vessel,,株式会社VESSEL,対応不要,,◯,◯,なし,,https://invoice.moneyforward.com/billings?view_mode=preview&range_key=created_at&from=2016-12-01&to=2023-10-31&document_number=&document_keywords=partner_id%3AuE6bakr1hc0xLED5TcSh5Q
,,追加番号,05030946176,,Lead,1ch,1ch,sasuke,,株式会社佐助,対応不要,,◯,◯,なし,,https://invoice.moneyforward.com/billings?view_mode=preview&range_key=created_at&from=2016-12-01&to=2023-10-31&document_number=&document_keywords=partner_id%3A_7Jnw6Yk5IJbP-Ge6uu07w
,,追加番号,05030946202,,Lead,1ch,1ch,cocoo,,コクー株式会社,対応不要,,◯,◯,なし,,https://invoice.moneyforward.com/billings?view_mode=preview&range_key=created_at&from=2016-12-01&to=2023-10-31&document_number=&document_keywords=partner_id%3ARMVroFkDyR3i-8JWCnnwXQ
,,追加番号,05030946205,,Lead,7ch,7ch,conple,,株式会社conple,対応不要,,◯,◯,なし,,https://invoice.moneyforward.com/billings?view_mode=preview&range_key=created_at&from=2016-12-01&to=2023-10-31&document_number=&document_keywords=partner_id%3AMkUM2Z3iK-M0UBOSmDqtLQ
,,追加番号,05030946216,,Lead,1ch,1ch,global-cast,,株式会社グローバルキャスト,,,,,,,
,,追加番号,05030946241,,Lead,4ch,4ch,bring-job,,株式会社bring,対応不要,,◯,◯,なし,,https://invoice.moneyforward.com/billings?view_mode=preview&range_key=created_at&from=2016-12-01&to=2023-10-31&document_number=&document_keywords=partner_id%3AyMdjBH0KA0IrMBVOIGU8-g
,,追加番号,05030946335,,Lead,1ch,1ch,k1te,,株式会社Kite,対応不要,,◯,◯,なし,,https://invoice.moneyforward.com/billings?view_mode=preview&range_key=created_at&from=2016-12-01&to=2023-10-31&document_number=&document_keywords=partner_id%3ArZVrrr7h6umqURWzZUg2ww
,,追加番号,05030946504,,Lead,4ch,4ch,eliale,,株式会社EliAle,対応不要,,◯,◯,なし,,https://invoice.moneyforward.com/billings?view_mode=preview&range_key=created_at&from=2016-12-01&to=2023-10-31&document_number=&document_keywords=partner_id%3AzYvCYMPV7ADir238M2B8VA
,,追加番号,05030946510,,Lead,1ch,1ch,so-mi,,株式会社想実,,,,,,,
,,追加番号,05030946804,,Lead,1ch,1ch,so-mi,,株式会社想実,,,,,,,
,,追加番号,05030946810,,Lead,3ch,3ch,gm-j,,GM住販株式会社,,,,,,,
,,追加番号,05030946849,,Lead,1ch,1ch,e-mana,,株式会社エネマネ,請求修正ー確認必要,,"【不足】番号利用料0ABJ：1不足
→SFへ商品追加が必要（請求開始問わず）","【不足】チャネル利用料：1不足
→SFへ商品追加が必要（請求開始問わず）",なし,atsuki,https://widsley.lightning.force.com/lightning/r/Opportunity/0062t0000057ZlhAAE/related/OpportunityLineItems/view
,,追加番号,05030947051,,Lead,1ch,1ch,resens,,株式会社Resens,請求修正ー確認必要,,"【不足】番号利用料0ABJ：1不足
→SFへ商品追加が必要（請求開始問わず）","【不足】チャネル利用料：1不足
→SFへ商品追加が必要（請求開始問わず）",なし,atsuki,https://invoice.moneyforward.com/billings?view_mode=preview&range_key=created_at&from=2016-12-01&to=2023-10-31&document_number=&document_keywords=partner_id%3AiXdxp6zvnmALtPuLRD5Jfw
,,追加番号,05030980623,0120926298,Lead,5ch,5ch,wiles,,合同会社WILES,対応不要,,◯,◯,なし,,https://widsley.lightning.force.com/lightning/r/Opportunity/0062t0000057eXkAAI/related/OpportunityLineItems/view
,,追加番号,05030980630,0120769209,Lead,3ch,3ch,wiles,,,,,,,,,
,,,,,,,,,,,,,,,,,
"【再販050番号契約８】050番号（G-circuit10 ①）
d956191305
177ch
本契約コードの次回申請は8/31以降の申請が可能",119,基本番号,05030950243,,,,,No matching records found,,,,,,,,,
,,追加番号,05030950246,,Lead,1ch,1ch,crp,,株式会社カスタマーリソースプランニング,対応不要,,◯,◯,なし,,https://invoice.moneyforward.com/billings?view_mode=preview&range_key=created_at&from=2016-12-01&to=2023-10-31&document_number=&document_keywords=partner_id%3Ad2RPpJciJ1LhTodv4dBtvg
,,追加番号,05030950251,,Lead,1ch,1ch,tsumikitech,,Tsumiki Tech株式会社,請求修正ー確認必要,IP回線基本料ー確認必要,◯,【過剰】チャネル利用料：単価が500円高い,"あり（4,500）",ota,https://invoice.moneyforward.com/billings?view_mode=preview&range_key=created_at&from=2016-12-01&to=2023-10-31&document_number=&document_keywords=partner_id%3AVHPslaFRANzMPyHXbbGv-w
,,追加番号,05030950252,,Lead,5ch,5ch,e3,,株式会社E-3,,,,,,,
,,追加番号,05030952469,0120984344,Lead,1ch,1ch,relife-partner,,株式会社リライフパートナー,対応不要,,◯,◯,なし,,https://invoice.moneyforward.com/billings?view_mode=preview&range_key=created_at&from=2016-12-01&to=2023-10-31&document_number=&document_keywords=partner_id%3Awcwjl2T_sBLV_Cx0-dmHiQ
,,追加番号,05030952630,0120907198,Lead,6ch,6ch,b-minded01,,ブロードマインド株式会社,対応不要,,◯,◯,なし,,https://invoice.moneyforward.com/billings?view_mode=preview&range_key=created_at&from=2016-12-01&to=2023-10-31&document_number=&document_keywords=partner_id%3ACFmCYPwH2YlWoIfFogoQuQ
,,追加番号,05030907096,,Lead,1ch,1ch,b-minded01,,,,,,,,,
,,追加番号,05030952632,0120914187,Lead,1ch,1ch,smilymethod,,株式会社スマイリーメソッド,請求修正ー確認必要,,【不足】番号利用料フリーダイヤル：1不足,【不足】チャネル利用料：2不足,なし,ayui,https://invoice.moneyforward.com/billings?view_mode=preview&range_key=created_at&from=2016-12-01&to=2023-10-31&document_number=&document_keywords=partner_id%3AQhr7OvAytKKACXf-lEd8cg
,,追加番号,05030952633,0120914276,Lead,2ch,2ch,smilymethod,,,,,,,,,
,,追加番号,05030907092,0120944023,Lead,1ch,1ch,smilymethod,,,,,,,,,
,,追加番号,05030980238,0120925044,Lead,1ch,1ch,smilymethod,,,,,,,,,
,,追加番号,05030980239,0120925198,Lead,2ch,2ch,smilymethod,,,,,,,,,
,,追加番号,05030907093,0120993015,Lead,2ch,2ch,smart-alive,,スマート・アライブ株式会社,請求修正ー確認必要,IP回線基本料ー確認必要,【過剰】番号利用料フリーダイヤル：1過剰,"【過剰】チャネル利用料：2過剰
【不足】チャネル利用料：単価が150→1,500に","あり（3,003）",ayui,https://invoice.moneyforward.com/billings?view_mode=preview&range_key=created_at&from=2016-12-01&to=2023-10-31&document_number=&document_keywords=partner_id%3AGsLNT-QdoOBLi1ZU8nCMGA
,,追加番号,05030907094,0120993332,Lead,4ch,4ch,tsuhan-ohkoku,,株式会社通販王国,請求修正ー確認必要,,◯,"【ユニットch対応】以下3パターン
①手数料をいただいてグループ化を実施（＋SA~SC回線へ同番移行）
②4chを2回線で分け合うか
③4 *2で8chいただくか",なし,ayui,https://invoice.moneyforward.com/billings?view_mode=preview&range_key=created_at&from=2016-12-01&to=2023-10-31&document_number=&document_keywords=partner_id%3AHOMTLGm35anxslBVgzRvOA
,,追加番号,05030922342,,Lead,4ch,,tsuhan-ohkoku,,,,,,,,,
,,追加番号,05030907098,,Lead,5ch,5ch,nitteilife,,株式会社ニッテイライフ,対応不要,,◯,◯,なし,,https://invoice.moneyforward.com/billings?view_mode=preview&range_key=created_at&from=2016-12-01&to=2023-10-31&document_number=&document_keywords=partner_id%3ABxszSEtGhzDzbmu-4VZe4w
,,追加番号,05030907099,,Lead,1ch,1ch,appgood01,,株式会社アプリグッド,,,,,,,
,,追加番号,05030922466,,Lead,1ch,1ch,appgood01,,株式会社アプリグッド,,,,,,,
,,追加番号,05030909413,,Lead,3ch,3ch,edoone,,株式会社エドワン,請求修正ー確認必要,,"【不足】番号利用料0ABJ：1不足
→SFへ商品追加が必要","【不足】チャネル利用料：3不足
→SFへ商品追加が必要",なし,ayui,https://invoice.moneyforward.com/billings?view_mode=preview&range_key=created_at&from=2016-12-01&to=2023-10-31&document_number=&document_keywords=partner_id%3Aaewdp3M3EHSgXCY5zQsj8Q
,,追加番号,05030909414,,Lead,3ch,3ch,muse-kobe,,ミューズ・コーポレーション株式会社,対応不要,,◯,◯,なし,,https://widsley.lightning.force.com/lightning/r/Opportunity/0062t0000056IlBAAU/related/OpportunityLineItems/view
,,追加番号,05030909415,,Lead,1ch,1ch,worksinsurance,,WORKS INSURANCE株式会社,請求修正ー確認必要,,"【不足】番号利用料0ABJ：1不足
→9月から減らす分で1になる","【過剰】チャネル利用料：2過剰
",なし,,https://invoice.moneyforward.com/billings?view_mode=preview&range_key=created_at&from=2016-12-01&to=2023-10-31&document_number=&document_keywords=partner_id%3ABZd7RFU7s8XpmOZhwP06wQ
,,追加番号,05030909416,,Lead,3ch,3ch,facing,,facing株式会社,対応不要,,◯,◯,なし,,https://invoice.moneyforward.com/billings?view_mode=preview&range_key=created_at&from=2016-12-01&to=2023-10-31&document_number=&document_keywords=partner_id%3AJ43MEUdTJ8DIYvUems_K5Q
,,追加番号,05030909417,,Lead,2ch,2ch,facing,,,,,,,,,
,,追加番号,05030909419,,Lead,1ch,1ch,facing,,,,,,,,,
,,追加番号,05030909421,,Lead,1ch,1ch,facing,,,,,,,,,
,,追加番号,05030909422,,Lead,19ch,19ch,global-cast,,株式会社グローバルキャスト,,,,,,,
,,追加番号,05030936415,,Lead,1ch,1ch,seifukan-gakuin,,株式会社青楓館,対応不要,,◯,◯,なし,,https://invoice.moneyforward.com/billings?view_mode=preview&range_key=created_at&from=2016-12-01&to=2023-10-31&document_number=&document_keywords=partner_id%3A8aySSZYPdu9DGqQ_-5w88w
,,追加番号,05030936489,,Lead,3ch,3ch,visionary-marketing,,株式会社ビジョナリーマーケティング,,,,,,,
,,追加番号,05030936496,08003005890,Lead,47ch,47ch,myhm,,株式会社マイホム,,,,,,,
,,,,,,,,,,,,,,,,,
"【再販050番号契約９】050番号（F-circuit09 ①）
d701724395
10ch
本契約コードの次回申請は◯/◯以降の申請が可能",10,基本番号,05031985523,,,,,No matching records found,,,,,,,,,
,,追加番号,05031985524,08003006275,Lead,10ch,10ch,apclo001,,株式会社HIGHER,対応不要,,◯,◯,なし,,https://invoice.moneyforward.com/billings?view_mode=preview&range_key=created_at&from=2016-12-01&to=2023-10-31&document_number=&document_keywords=partner_id%3AYfK1lrxpXbksOjbueo__XA
,,,,,,,,,,,,,,,,,
"【再販050番号契約１１】050番号（E-circuit05 ⑪）
d470505550
35ch
本契約コードの次回申請は5/2以降の申請が可能",13,基本番号,05031351272,,,,,No matching records found,,,,,,,,,
,,追加番号,05030858115,,Flat,1ch,1ch,Pkshademo,,株式会社 PKSHA Technology,請求修正ー確認必要,,請求先どこ？,請求先どこ？,請求先どこ？,hikaru,
,,追加番号,05031985803,,Flat,1ch,1ch,amemiya,,誠心堂株式会社,対応不要,,◯,◯,なし,,https://invoice.moneyforward.com/billings?view_mode=preview&range_key=created_at&from=2016-12-01&to=2023-10-31&document_number=&document_keywords=partner_id%3A8VlwX_J7tHNCwmzHDHcfog
,,追加番号,05032051582,,Flat,1ch,1ch,takadainaika-clinic,,高台内科クリニック,対応不要,,◯,◯,なし,,https://invoice.moneyforward.com/billings?view_mode=preview&range_key=created_at&from=2016-12-01&to=2023-10-31&document_number=&document_keywords=partner_id%3An-UOpreAVEvFsUM75y6sAQ
,,追加番号,05032051583,,Flat,2ch,2ch,johohighway,,情報ハイウェイ協同組合,請求修正ー確認必要,,"【不足】Comdesk Flat 回線月額費用 (050)：1不足
→全解約進んでいるなら対応不要？",◯,なし,hiakru,https://invoice.moneyforward.com/billings?view_mode=preview&range_key=created_at&from=2016-12-01&to=2023-10-31&document_number=&document_keywords=partner_id%3AOWP9c0bdB8XpN_M9SgIF2Q
,,追加番号,05032051584,,Flat,2ch,2ch,johohighway,,,,,,,,,
,,追加番号,05032051585,,Flat,2ch,2ch,johohighway,,,,,,,,,
,,追加番号,05032051586,,Flat,2ch,2ch,johohighway,,,,,,,,,
,,追加番号,05032051587,,Flat,2ch,2ch,johohighway,,,,,,,,,
,,,,,,,,,,,,,,,,,
"【再販050番号契約１２】050番号（SB-circuit06 ①）
d239516066
100ch
本契約コードの次回申請は3/1以降の申請が可能",40,基本番号,05030957845,,,,,No matching records found,,,,,,,,,
,,追加番号,05032051634,,Flat,2ch,2ch,Denrai,,株式会社Denrai,対応不要,,◯,◯,なし,,https://invoice.moneyforward.com/billings?view_mode=preview&range_key=created_at&from=2016-12-01&to=2023-10-31&document_number=&document_keywords=partner_id%3AMrY06rf9Mo61oGr4iOmI9w
,,追加番号,05032051635,,Flat,2ch,2ch,projectgroup,,株式会社P.G.ESTATE,対応不要,,◯,◯,なし,,https://invoice.moneyforward.com/billings?view_mode=preview&range_key=created_at&from=2016-12-01&to=2023-10-31&document_number=&document_keywords=partner_id%3AHk_PdFkGjs--OljCrcVcRg
,,追加番号,05031985833,,Flat,2ch,2ch,PrimeNumbers,,株式会社プライム・ナンバーズ,対応不要,,◯,◯,なし,,https://invoice.moneyforward.com/billings?view_mode=preview&range_key=created_at&from=2016-12-01&to=2023-10-31&document_number=&document_keywords=partner_id%3AMDW5gbb3y7wC6GLwJ0D_LQ
,,追加番号,05031985877,,Flat,2ch,2ch,PrimeNumbers,,,,,,,,,
,,追加番号,05031985920,,Flat,2ch,2ch,itosuru-design,,itosuru.design,対応不要,,◯,◯,なし,,https://invoice.moneyforward.com/billings?view_mode=preview&range_key=created_at&from=2016-12-01&to=2023-10-31&document_number=&document_keywords=partner_id%3ACeULp9n2aw9p7okcvNutrg
,,追加番号,05032051575,,Flat,2ch,2ch,MAGOICHI,,株式会社孫市,対応不要,,◯,◯,なし,,https://invoice.moneyforward.com/billings?view_mode=preview&range_key=created_at&from=2016-12-01&to=2023-10-31&document_number=&document_keywords=body%3A%E6%A0%AA%E5%BC%8F%E4%BC%9A%E7%A4%BE%E5%AD%AB%E5%B8%82
,,追加番号,05032051576,,Flat,2ch,2ch,johohighway,,情報ハイウェイ協同組合,,,,,,,
,,追加番号,05032051577,,Flat,2ch,2ch,johohighway,,情報ハイウェイ協同組合,,,,,,,
,,追加番号,05031334677,,Flat,2ch,2ch,johohighway,,情報ハイウェイ協同組合,,,,,,,
,,追加番号,05031334678,,Flat,2ch,2ch,johohighway,,情報ハイウェイ協同組合,,,,,,,
,,追加番号,05031334679,,Flat,2ch,2ch,johohighway,,情報ハイウェイ協同組合,,,,,,,
,,追加番号,05032051578,,Flat,1ch,1ch,playwork,,株式会社PLAYWORK,請求修正ー確認必要,,◯,ch請求ルールの確認,なし,hikaru,https://widsley.lightning.force.com/lightning/r/Opportunity/0062t000006tpx3AAA/related/OpportunityLineItems/view
,,追加番号,05030981289,0120584066,新Flat,2ch,2ch,playwork,,,,,,,,,
,,追加番号,05032051579,,Flat,3ch,3ch,apms-japan,,株式会社アプメス,,,,,,,
,,追加番号,05031742926,,Flat,2ch,2ch,apms-japan,,株式会社アプメス,,,,,,,
,,追加番号,05031742930,,Flat,2ch,2ch,wadaueki,,有限会社和田植木,対応不要,,◯,◯,なし,,
,,追加番号,05032051580,,Flat,2ch,2ch,wadaueki,,,,,,,,,https://invoice.moneyforward.com/billings?view_mode=preview&range_key=created_at&from=2016-12-01&to=2023-10-31&document_number=&document_keywords=partner_id%3AR5gi9EYKPynavsAQmooH9g
,,追加番号,05031334676,0120687430,Flat,2ch,2ch,memorial-display,,株式会社メモリアルディスプレイ,対応不要,,◯,◯,なし,,https://invoice.moneyforward.com/billings?view_mode=preview&range_key=created_at&from=2016-12-01&to=2023-10-31&document_number=&document_keywords=partner_id%3AikIPmdea22VTxLHAgSJbWg
,,追加番号,05031742924,,Flat,4ch,4ch,tanabeconsulting,,株式会社タナベコンサルティング,請求修正ー確認必要,,◯,【過剰】Comdesk Flat Option : チャネルアップ：2過剰,なし,hikaru,https://invoice.moneyforward.com/billings?view_mode=preview&range_key=created_at&from=2016-12-01&to=2023-10-31&document_number=&document_keywords=partner_id%3AeD2AJv5YCTBuMC-1HifWeg
,,,,,,,,,,,,,,,,,
"【再販050番号契約１３】050番号（G-circuit06 ①）
d025334176
13ch
本契約コードの次回申請は9/1以降の申請が可能",13,基本番号,05031742914,,,,,No matching records found,,,,,,,,,
,,追加番号,05031988783,0120177025,Flat,2ch,2ch,NEC,,日本電気株式会社,対応不要,,◯,◯,なし,hikaru,https://invoice.moneyforward.com/billings?view_mode=preview&range_key=created_at&from=2016-12-01&to=2023-10-31&document_number=&document_keywords=partner_id%3A42147dmMgtMgTOZHZ2zbOA
,,追加番号,05031988784,,Flat,2ch,2ch,beglobal,,マルゴト株式会社,対応不要,,◯,◯,なし,hikaru,https://invoice.moneyforward.com/billings?view_mode=preview&range_key=created_at&from=2016-12-01&to=2023-10-31&document_number=&document_keywords=partner_id%3Ab7-0Fcz9yNJ1NDfK8OIfTQ
,,追加番号,05031741324,,Flat,5ch,5ch,apms-japan,,株式会社アプメス,,,,,,,
,,追加番号,05031741328,,Flat,2ch,2ch,apms-japan,,株式会社アプメス,,,,,,,
,,追加番号,05031747235,,Flat,2ch,2ch,apms-japan,,株式会社アプメス,,,,,,,
,,,,,,,,,,,,,,,,,
"【再販050番号契約１４】050番号（F-circuit08 ①）
d466923835
22ch
本契約コードの次回申請は8/24以降の申請が可能",22,基本番号,05030946224,,,,,,,,,,,,,,
,,追加番号,05030946245,0120613594,Lead,6ch,6ch,litalico,,株式会社LITALICO,請求修正ー確認必要,,◯（9月から番号利用料フリーダイヤル*9）,◯（9月から22ch）（番ポ完了次第24ch）,なし,ota,https://invoice.moneyforward.com/billings?view_mode=preview&range_key=created_at&from=2016-12-01&to=2023-10-31&document_number=&document_keywords=partner_id%3AycskIgZ8y14Ajg4FL3aDGw
,,追加番号,05030946253,0120907376,Lead,6ch,,litalico,,,,,,"【ユニットch対応】以下4パターン
①手数料をいただいてグループ化を実施（＋SA~SC回線へ同番移行）
②22chを13回線で分け合うか
③回線それぞれ必要最大数分いただくか
④拡大を見越して専用契約とするか",,,
,,追加番号,05030946349,0120901835,Lead,5ch,5ch,litalico,,,,,,,,,
,,追加番号,05030946350,0120901786,Lead,5ch,,litalico,,,,,,,,,
,,追加番号,05030946506,0120974763,Lead,5ch,,litalico,,,,,,,,,
,,追加番号,05030946508,0120951597,Lead,5ch,,litalico,,,,,,,,,
,,追加番号,05030946512,0120153608,Lead,5ch,,litalico,,,,,,,,,
,,追加番号,05030946337,0120951712,Lead,5ch,5ch,litalico,,,,,,,,,
,,追加番号,05030946221,,Lead,2ch,2ch,litalico,,,,,,,,,
,,追加番号,05030946251,,Lead,3ch,3ch,litalico,,,,,,,,,
,,追加番号,05030907095,,Lead,6ch,,litalico,,,,,,,,,
,,追加番号,05030909420,,Lead,6ch,,litalico,,,,,,,,,
,,追加番号,05030980278,0120985465,Lead,1ch,1ch,litalico,,,,,,,,,
,,,,,,,,,,,,,,,,,
"【再販050番号契約１５】050番号（G-circuit10 ②）
d280234542
90ch
本契約コードの次回申請は8/18以降の申請が可能
同番移行先",90,基本番号,05030980249,,,,,,,,,,,,,,
,,追加番号,05030936488,,Lead,90ch,90ch,amuse,,AMUSE株式会社,対応不要,,◯,◯,なし,ayui,https://invoice.moneyforward.com/billings?view_mode=preview&range_key=created_at&from=2016-12-01&to=2023-10-31&document_number=&document_keywords=partner_id%3AljlHDPmrdMOYZErZSG_xMg
,,,,,,,,,,,,,,,,,
"【再販050番号契約１６】050番号（SC-circuit08 ①）
d291302030
10ch
本契約コードの次回申請は7/20以降の申請が可能",6,基本番号,05030980057,,Lead,,,,,,,,,,,,
,,追加番号,05030980068,0120926044,Lead,2ch,2ch,takumiwp01,,匠ワランティアンドプロテクション株式会社,対応不要,,請求開始前,"請求開始前
【ユニットch対応】以下4パターン
①手数料をいただいてグループ化を実施
②10chを5回線で分け合うか（SCのため制御不可）
③回線それぞれ必要最大数分いただくか
④拡大を見越して専用契約とするか",なし,atsuki,https://invoice.moneyforward.com/billings?view_mode=preview&range_key=created_at&from=2016-12-01&to=2023-10-31&document_number=&document_keywords=partner_id%3A4fkzQfmNRwrz8XX8NgDomw
,,追加番号,05030980070,0120925912,Lead,2ch,2ch,takumiwp02,,,,,,,,,
,,追加番号,05030980275,0120926616,Lead,2ch,2ch,takumiwp02,,,,,,,,,
,,追加番号,05030980276,0120929167,Lead,,,未定,,,,,,,,,
,,追加番号,05030980279,0120569478,Lead,,,未定,,,,,,,,,
,,,,,,,,,,,,,,,,,
"【共有回線】株式会社スマートテック／050用
※共有回線のため、契約コード開示なし（SA-circuit09）
70ch
本契約コードの次回申請は6/6以降の申請が可能
※「【共有回線】株式会社スマートテック／03用」とセットで70ch利用の為、特別契約",70,基本番号,不明,,,,,No matching records found,,,,,,,,,
,,追加番号,05030946217,,Lead,70ch,70ch,smart-tech,,株式会社スマートテック,請求修正ー確認必要,,◯,"【ユニットch対応】特殊ケースのため例外

150のため特殊ケース？確認必要であればmasaさん確認",なし,masaru,https://invoice.moneyforward.com/billings?view_mode=preview&range_key=created_at&from=2016-12-01&to=2023-10-31&document_number=&document_keywords=partner_id%3A3c9lrI8jc8B8XpHK86FZfA
,,追加番号,05030946242,,Lead,70ch,,smart-tech,,,,,,,,,
,,,,,,,,,,,,,,,,,
"【共有回線】株式会社スマートテック／03用
※共有回線のため、契約コード開示なし（SA-circuit09）
70ch
本契約コードの次回申請は6/6以降の申請が可能
※「【共有回線】株式会社スマートテック／050用」とセットで70ch利用の為、特別契約",70,基本番号,不明,,,,,No matching records found,,,,,,,,,
,,追加番号,0343661598,,Lead,70ch,70ch,smart-tech,,,,,,,,,
,,追加番号,0343661560,,Lead,70ch,,smart-tech,,,,,,,,,
,,追加番号,0343661596,,Lead,70ch,,smart-tech,,,,,,,,,
,,追加番号,0342211788,,Lead,70ch,,smart-tech,,,,,,,,,
,,,,,,,,,,,,,,,,,
"【再販06番号契約１】06番号（C-circuit05 ①）
d065965010
2ch
本契約コードの次回申請は4/25以降の申請が可能",2,基本番号,0671784104,,,,,No matching records found,,,,,,,,,
,,追加番号,0671784105,,Lead,2ch,2ch,wellspartners01,,株式会社Wells Partners,,,,,,,
,,,,,,,,,,,,,,,,,
"【再販06番号契約２】06番号（C-circuit05 ②）
d234429286
20ch
本契約コードの次回申請は4/25以降の申請が可能",20,基本番号,0671784108,,,,,No matching records found,,,,,,,,,
,,追加番号,0671784109,,Lead,20ch,20ch,mljp,,株式会社メインランドジャパン,請求修正ー確認必要,IP回線基本料ー確認必要,【過剰】番号利用料フリーダイヤル：1過剰,"◯

【ユニットch対応】以下3パターン
①手数料をいただいてグループ化を実施
②20chを6回線で分け合うか
③20*6で120chいただくか","あり（4,500）",,https://invoice.moneyforward.com/billings?view_mode=preview&range_key=created_at&from=2016-12-01&to=2023-10-31&document_number=&document_keywords=partner_id%3AK2Vtet83qJTPPeGqMXq4Nw
,,追加番号,0671784110,,Lead,20ch,,mljp,,,,,,,,,
,,追加番号,0671784111,,Lead,20ch,,mljp,,,,,,,,,
,,追加番号,0671784112,,Lead,20ch,,mljp,,,,,,,,,
,,追加番号,0671784113,,Lead,20ch,,mljp,,,,,,,,,
,,追加番号,0671784118,,Lead,20ch,,mljp,,,,,,,,,
,,,,,,,,,,,,,,,,,
"【再販06番号契約３】06番号（C-circuit08,circuit09,circuit10）
d031216569
15ch
本契約コードの次回申請は4/19以降の申請が可能",5,基本番号,0671784124,,,,,No matching records found,,,,,,,,,
,,追加番号,0671784127,,Lead,1ch,1ch,movegear,,株式会社Move Gear,請求修正ー確認必要,,◯,【不足】チャネル利用料：1ch不足,なし,ayui,https://invoice.moneyforward.com/billings?view_mode=preview&range_key=created_at&from=2016-12-01&to=2023-10-31&document_number=&document_keywords=partner_id%3A_STU88W7aBcc_bI30cHEdg
,,追加番号,0671675652,0120959448,Lead,1ch,1ch,movegear,,,,,,,,,
,,追加番号,0649802289,,Lead,3ch,3ch,mjeinc,,株式会社MJE,対応不要,,◯,◯,なし,,https://invoice.moneyforward.com/billings?view_mode=preview&range_key=created_at&from=2016-12-01&to=2023-10-31&document_number=&document_keywords=partner_id%3A_TjaKiLpUOZWBYk3QCaHgA
,,,,,,,,,,,,,,,,,
"【再販06番号契約４】06番号（C-circuit05 ③）
d456824429
17ch
本契約コードの次回申請は8/18以降の申請が可能",13,基本番号,0671784116,,,,,No matching records found,,,,,,,,,
,,追加番号,0671784117,,Lead,8ch,8ch,i-sta,,株式会社アイ・ステーション,,,,,,,
,,追加番号,0649802265,,Flat,2ch,2ch,coin-tax,,コインタックス株式会社,対応不要,,◯,◯,なし,,https://invoice.moneyforward.com/billings?view_mode=preview&range_key=created_at&from=2016-12-01&to=2023-10-31&document_number=&document_keywords=partner_id%3AYDhn8nm6F-n7zO3tPLLhxQ
,,追加番号,0649802320,,Flat,2ch,2ch,coin-tax,,,,,,,,,
,,追加番号,0649802333,0120983033,Flat,1ch,1ch,ribias,,株式会社リビアス,対応不要,,◯,◯,なし,,https://invoice.moneyforward.com/billings?view_mode=preview&range_key=created_at&from=2016-12-01&to=2023-10-31&document_number=&document_keywords=partner_id%3APjvaWWhs8QOzvYJhZbTNyg