,,,,,,,,,,
,商談商品レポート（川上くんに作ってもらった終了日確認用）,,,,,,,,,
,2026-03-16 18:00:35 日本標準時/JST の時点 • 生成者: Widsley Admin • 並び替え基準: 有効商品、降順,,,,,,,,,
,,,,,,,,,,
,,,,,,,,,,
,検索条件,,,,,,,,,
,日付項目: 最終更新日 次の文字列と一致する 本年および翌年 (2026/01/01 ～ 2027/12/31),,,,,,,,,
,表示: すべての商談,,,,,,,,,
,商談状況: すべて,,,,,,,,,
,確度: すべて選択,,,,,,,,,
,フェーズ 次の文字列と一致する 成約,,,,,,,,,
,請求終了日 次の文字列と一致する ,,,,,,,,,
,,,,,,,,,,
,取引先名,,フェーズ,商品名,数量,販売価格,商品コード,有効商品,請求開始日,請求終了日
,株式会社ゼフィロス,,成約,携帯SMSオプション,1,"￥1,000",MP_OP_01,TRUE,2023/05/01,
,株式会社ゼフィロス,,成約,Comdesk Lead 携帯回線プラン,2,"￥7,980",CL_MP_01,TRUE,2025/08/01,
,株式会社ゼフィロス,,成約,Comdesk Lead Standard Plan ID,2,"￥6,000",CL_ID_04,TRUE,2025/08/01,
,株式会社LumiNow,,成約,Comdesk Lead Standard Plan ID,4,"￥6,000",CL_ID_04,TRUE,2025/09/01,
,株式会社LumiNow,,成約,Comdesk Lead 携帯回線プラン,3,"￥7,980",CL_MP_01,TRUE,2025/09/01,
,株式会社LumiNow,,成約,ChatGPT連携オプション,4,"￥1,000",MP_OP_11,TRUE,2025/09/01,
,株式会社Walk,,成約,Comdesk Lead Standard Plan ID,3,"￥6,000",CL_ID_04,TRUE,2025/10/01,
,株式会社Walk,,成約,Comdesk Lead 携帯回線プラン,3,"￥7,980",CL_MP_01,TRUE,2025/10/01,
,株式会社スタジアム,,成約,Comdesk Lead Standard Plan ID,2,"￥6,000",CL_ID_04,TRUE,2025/06/01,
,株式会社スタジアム,,成約,Comdesk Lead 携帯回線プラン,2,"￥7,980",CL_MP_01,TRUE,2025/06/01,
,個人事業主（坂元様）,,成約,Comdesk Lead Standard Plan ID,5,"￥6,000",CL_ID_04,TRUE,2025/05/01,
,個人事業主（坂元様）,,成約,Comdesk Lead 携帯回線プラン,5,"￥7,980",CL_MP_01,TRUE,2025/05/01,
,株式会社ファンベスト,,成約,Comdesk Lead Standard Plan ID,18,"￥8,500",CL_ID_04,TRUE,2025/08/01,
,株式会社ファンベスト,,成約,スマートフォン利用料(Android),6,"￥4,000",MP_01,TRUE,2025/08/01,
,株式会社USEN PAY,,成約,zapier連携費用,1,"￥120,000",OT_08,TRUE,2023/10/01,
,株式会社USEN PAY,,成約,携帯オプション_割り込み通話,1,￥200,MO_OP_01,TRUE,2025/08/01,
,株式会社USEN PAY,,成約,携帯オプション_グループ通話,12,￥200,MO_OP_02,TRUE,2025/08/01,
,株式会社USEN PAY,,成約,貴社特別ディスカウント（月額）,117,-￥300,DC_01,TRUE,2025/08/01,
,株式会社USEN PAY,,成約,スマートフォン利用料(Android),90,"￥4,000",MP_01,TRUE,2025/08/01,
,株式会社USEN PAY,,成約,Comdesk Lead Standard Plan ID,117,"￥6,000",CL_ID_04,TRUE,2025/08/01,
,株式会社インターロック,,成約,Comdesk Lead Standard Plan ID,3,"￥6,000",CL_ID_04,TRUE,2025/03/01,
,株式会社インターロック,,成約,Comdesk Lead 携帯回線プラン,3,"￥7,980",CL_MP_01,TRUE,2025/03/01,
,JNT合同会社,,成約,Comdesk Lead Standard Plan ID,4,"￥6,000",CL_ID_04,TRUE,2023/10/01,
,JNT合同会社,,成約,Comdesk Lead 携帯回線プラン(端末持込),3,"￥2,980",CL_MP_02,TRUE,2025/08/01,
,テスト株式会社,,成約,ChatGPT連携オプション,0,,MP_OP_11,TRUE,,
,テスト株式会社,,成約,IP回線プラン,0,,IP_18,TRUE,,
,テスト株式会社,,成約,IP回線プラン,0,,IP_18,TRUE,2025/01/01,
,テスト株式会社,,成約,IP回線プラン,0,,IP_18,TRUE,2025/06/01,
,テスト株式会社,,成約,IP回線プラン,0,,IP_18,TRUE,2025/07/01,
,テスト株式会社,,成約,Comdesk Lead Standard Plan ID,485,"￥6,000",CL_ID_04,TRUE,2025/11/01,
,テスト株式会社,,成約,音声データ保存期間延長,540,￥0,MP_OP_06,TRUE,2025/11/01,
,テスト株式会社,,成約,Comdesk Lead 携帯回線プラン,520,"￥7,980",CL_MP_01,TRUE,2025/11/01,
,テスト株式会社,,成約,Comdesk Lead IP回線プラン,170,￥980,CL_ID_06,TRUE,2025/11/01,
,テスト株式会社,,成約,Comdesk Lead IP・携帯回線プラン,350,"￥7,980",CL_IPMO_01,TRUE,2025/11/01,
,テスト株式会社,,成約,Comdesk Lead CRM連携Plan ID,-80,"￥4,000",CL_ID_03,TRUE,2025/11/01,
,テスト株式会社,,成約,Comdesk Lead 携帯回線プラン(端末持込),-320,"￥2,980",CL_MP_02,TRUE,2025/11/01,
,テスト株式会社,,成約,携帯SMSオプション,100,"￥1,000",MP_OP_01,TRUE,2025/11/01,
,テスト株式会社,,成約,携帯オプション_割り込み通話,100,￥200,MO_OP_01,TRUE,2025/11/01,
,テスト株式会社,,成約,携帯オプション_グループ通話,100,￥200,MO_OP_02,TRUE,2025/11/01,
,テスト株式会社,,成約,携帯オプション_留守番電話プラス,100,￥300,MO_OP_03,TRUE,2025/11/01,
,テスト株式会社,,成約,携帯オプション_法人基本パック,100,￥475,MO_OP_04,TRUE,2025/11/01,
,テスト株式会社,,成約,キャリア録音,100,"￥1,000",CMP_OP_07,TRUE,2025/11/01,
,テスト株式会社,,成約,チャネル利用料,100,"￥1,500",IP_Channel,TRUE,2025/11/01,
,テスト株式会社,,成約,番号利用料0ABJ,100,￥500,IP_0ABJ,TRUE,2025/11/01,
,テスト株式会社,,成約,番号利用料フリーダイヤル,100,"￥2,000",IP_FD,TRUE,2025/11/01,
,テスト株式会社,,成約,IP電話料金_Pack 50000,100,"￥50,000",IP_Pack50000,TRUE,2025/11/01,
,テスト株式会社,,成約,IP電話料金_Pack 100000,100,"￥100,000",IP_Pack100000,TRUE,2025/11/01,
,テスト株式会社,,成約,IP電話料金_Pack 500000,100,"￥500,000",IP_Pack500000,TRUE,2025/11/01,
,テスト株式会社,,成約,IP電話料金_Pack 20000,100,"￥20,000",IP_Pack20000,TRUE,2025/11/01,
,テスト株式会社,,成約,スマートフォン利用料(Android),100,"￥4,000",MP_01,TRUE,2025/11/01,
,テスト株式会社,,成約,録音サーバー（月額保守費用）,100,"￥150,000",youwire_02,TRUE,2025/11/01,
,テスト株式会社,,成約,Web SMS（月額ライセンス料）,100,"￥1,000",OP_WebSMS_ID,TRUE,2025/11/01,
,テスト株式会社,,成約,Web SMS（片方向_月額費用）,100,"￥30,000",webSMS_01,TRUE,2025/11/01,
,テスト株式会社,,成約,Web SMS（双方向_月額費用）,100,"￥80,000",webSMS_03,TRUE,2025/11/01,
,テスト株式会社,,成約,Webhook利用料,100,"￥30,000",OP_06,TRUE,2025/11/01,
,テスト株式会社,,成約,調整代金,100,￥0,DC_02,TRUE,2025/11/01,
,テスト株式会社,,成約,IP回線基本料,100,"￥4,500",IP_01,TRUE,2025/11/01,
,株式会社進学ゼミ,,成約,Comdesk Lead Standard Plan ID,6,"￥6,000",CL_ID_04,TRUE,2024/03/01,
,株式会社進学ゼミ,,成約,Comdesk Lead 携帯回線プラン,6,"￥7,980",CL_MP_01,TRUE,2024/03/01,
,インテンションリビング株式会社,,成約,Comdesk Lead Standard Plan ID,2,"￥6,500",CL_ID_04,TRUE,2024/08/01,
,インテンションリビング株式会社,,成約,Comdesk Lead 携帯回線プラン(端末持込),2,"￥2,980",CL_MP_02,TRUE,2025/08/01,
,株式会社アップデート,,成約,Comdesk Lead Standard Plan ID,1,"￥6,000",CL_ID_04,TRUE,2025/10/01,
,株式会社アップデート,,成約,Comdesk Lead IP回線プラン,1,￥980,CL_ID_06,TRUE,2025/10/01,
,株式会社アップデート,,成約,チャネル利用料,1,"￥1,500",IP_Channel,TRUE,2025/10/01,
,株式会社アップデート,,成約,番号利用料0ABJ,1,￥500,IP_0ABJ,TRUE,2025/10/01,
,株式会社BARDOCK,,成約,Comdesk Lead IP回線プラン,3,￥980,CL_ID_06,TRUE,2023/07/01,
,株式会社BARDOCK,,成約,Comdesk Lead IP・携帯回線プラン,1,"￥7,980",CL_IPMO_01,TRUE,2023/07/01,
,株式会社BARDOCK,,成約,Comdesk Lead Standard Plan ID,4,"￥6,000",CL_ID_04,TRUE,2025/08/01,
,ISデベロップメント株式会社,,成約,Comdesk Lead Standard Plan ID,4,"￥6,000",CL_ID_04,TRUE,2023/10/01,
,ISデベロップメント株式会社,,成約,Comdesk Lead 携帯回線プラン,4,"￥7,980",CL_MP_01,TRUE,2023/10/01,
,ISデベロップメント株式会社,,成約,ChatGPT連携オプション,4,"￥1,000",MP_OP_11,TRUE,2023/10/01,
,ISデベロップメント株式会社,,成約,携帯SMSオプション,4,"￥1,000",MP_OP_01,TRUE,2023/10/01,
,株式会社アドストーリー,,成約,Comdesk Lead Standard Plan ID,5,"￥6,000",CL_ID_04,TRUE,2024/03/01,
,株式会社アドストーリー,,成約,Comdesk Lead 携帯回線プラン,5,"￥7,980",CL_MP_01,TRUE,2025/08/01,
,株式会社佳楽,,成約,Comdesk Lead Standard Plan ID,1,"￥6,000",CL_ID_04,TRUE,2024/10/01,
,株式会社佳楽,,成約,Comdesk Lead 携帯回線プラン,1,"￥7,980",CL_MP_01,TRUE,2024/10/01,
,特定非営利活動法人アシストさいたま,,成約,Comdesk Lead Standard Plan ID,1,"￥6,000",CL_ID_04,TRUE,2025/07/01,
,特定非営利活動法人アシストさいたま,,成約,Comdesk Lead IP・携帯回線プラン,1,"￥7,980",CL_IPMO_01,TRUE,2025/09/01,
,個人事業主（堀内様）,,成約,Comdesk Lead Standard Plan ID,1,"￥6,000",CL_ID_04,TRUE,2025/04/01,
,個人事業主（堀内様）,,成約,Comdesk Lead 携帯回線プラン,1,"￥7,980",CL_MP_01,TRUE,2025/04/01,
,株式会社FAM,,成約,スマートフォン利用料(Android),4,"￥4,000",MP_01,TRUE,2025/08/01,
,BRANU株式会社,,成約,Comdesk Lead Standard Plan ID,2,"￥6,000",CL_ID_04,TRUE,2026/02/01,
,BRANU株式会社,,成約,Comdesk Lead 携帯回線プラン,2,"￥7,980",CL_MP_01,TRUE,2026/02/01,
,株式会社アイテック,,成約,Comdesk Lead Standard Plan ID,10,"￥6,000",CL_ID_04,TRUE,2026/02/01,
,株式会社アイテック,,成約,Comdesk Lead 携帯回線プラン,10,"￥7,980",CL_MP_01,TRUE,2026/02/01,
,株式会社ミツユビ,,成約,Comdesk Lead Standard Plan ID,1,"￥6,000",CL_ID_04,TRUE,2024/11/01,
,株式会社ミツユビ,,成約,Comdesk Lead IP回線プラン,1,￥980,CL_ID_06,TRUE,2024/11/01,
,株式会社ミツユビ,,成約,チャネル利用料,1,"￥1,500",IP_Channel,TRUE,2024/11/01,
,株式会社ミツユビ,,成約,番号利用料0ABJ,7,￥500,IP_0ABJ,TRUE,2024/11/01,
,LinkAxis,,成約,Comdesk Lead Standard Plan ID,6,"￥6,000",CL_ID_04,TRUE,2025/01/01,
,LinkAxis,,成約,Comdesk Lead 携帯回線プラン,6,"￥7,980",CL_MP_01,TRUE,2025/01/01,
,LinkAxis,,成約,事務手数料,1,￥200,OT_04,TRUE,2025/01/01,
,株式会社YAMAI,,成約,Comdesk Lead CRM連携Plan ID,10,"￥2,980",CL_ID_03,TRUE,2025/12/01,
,株式会社YAMAI,,成約,ChatGPT連携オプション,10,"￥1,000",MP_OP_11,TRUE,2025/12/01,
,株式会社YAMAI,,成約,録音サーバー（月額保守費用）,1,"￥150,000",youwire_02,TRUE,2025/12/01,
,株式会社YAMAI,,成約,事務手数料：請求書郵送代金,1,￥200,OP_04,TRUE,2025/12/01,
,株式会社アフェクス,,成約,Comdesk Lead Standard Plan ID,8,"￥6,000",CL_ID_04,TRUE,2025/11/01,
,株式会社アフェクス,,成約,Comdesk Lead 携帯回線プラン,8,"￥7,980",CL_MP_01,TRUE,2025/11/01,
,株式会社SILBER,,成約,Comdesk Lead Standard Plan ID,7,"￥3,000",CL_ID_04,TRUE,2024/06/01,
,株式会社SILBER,,成約,Comdesk Lead 携帯回線プラン,7,"￥7,980",CL_MP_01,TRUE,2025/07/31,
,株式会社SILBER,,成約,ChatGPT連携オプション,7,"￥1,000",MP_OP_11,TRUE,2026/02/01,
,株式会社プラネットシステム,,成約,Comdesk Lead Standard Plan ID,2,"￥6,000",CL_ID_04,TRUE,2024/04/01,
,株式会社プラネットシステム,,成約,Comdesk Lead 携帯回線プラン(端末持込),2,"￥2,980",CL_MP_02,TRUE,2025/08/01,
,株式会社シルバーバンク,,成約,Comdesk Lead Standard Plan ID,2,"￥6,000",CL_ID_04,TRUE,2026/02/01,
,株式会社シルバーバンク,,成約,Comdesk Lead 携帯回線プラン,2,"￥7,980",CL_MP_01,TRUE,2026/02/01,
,株式会社シルバーバンク,,成約,ChatGPT連携オプション,2,"￥1,000",MP_OP_11,TRUE,2026/02/01,
,株式会社ジェイトラスト,,成約,Comdesk Lead Standard Plan ID,1,"￥10,000",CL_ID_04,TRUE,2025/08/01,
,株式会社ジェイトラスト,,成約,スマートフォン利用料(Android),1,"￥4,000",MP_01,TRUE,2025/08/01,
,株式会社ユーエヌオー,,成約,Comdesk Lead Standard Plan ID,6,"￥6,000",CL_ID_04,TRUE,2024/02/01,
,株式会社ユーエヌオー,,成約,Comdesk Lead 携帯回線プラン,6,"￥7,980",CL_MP_01,TRUE,2025/08/01,
,株式会社365,,成約,Comdesk Lead Standard Plan ID,2,"￥6,000",CL_ID_04,TRUE,2024/02/01,
,株式会社365,,成約,Comdesk Lead 携帯回線プラン,1,"￥7,980",CL_MP_01,TRUE,2024/02/01,
,株式会社ビジョナリーマーケティング,,成約,Comdesk Lead IP回線プラン,10,￥980,CL_ID_06,TRUE,2023/04/01,
,株式会社ビジョナリーマーケティング,,成約,チャネル利用料,13,"￥1,500",IP_Channel,TRUE,2023/04/01,
,株式会社ビジョナリーマーケティング,,成約,番号利用料0ABJ,13,￥500,IP_0ABJ,TRUE,2023/04/01,
,株式会社ビジョナリーマーケティング,,成約,IP電話料金_Pack 100000,2,"￥100,000",IP_Pack100000,TRUE,2024/02/01,
,株式会社ビジョナリーマーケティング,,成約,Comdesk Lead Standard Plan ID,10,"￥6,000",CL_ID_04,TRUE,2025/08/01,
,株式会社アルダグラム,,成約,Comdesk Lead Standard Plan ID,28,"￥6,000",CL_ID_04,TRUE,2023/12/01,
,株式会社アルダグラム,,成約,Comdesk Lead IP回線プラン,28,￥980,CL_ID_06,TRUE,2023/12/01,
,株式会社アルダグラム,,成約,チャネル利用料,26,"￥1,500",IP_Channel,TRUE,2023/12/01,
,株式会社アルダグラム,,成約,番号利用料0ABJ,3,￥500,IP_0ABJ,TRUE,2024/01/01,
,株式会社アルダグラム,,成約,IP電話料金_Pack 100000,1,"￥100,000",IP_Pack100000,TRUE,2024/04/01,
,株式会社アルダグラム,,成約,IP電話料金_Pack 50000,1,"￥50,000",IP_Pack50000,TRUE,2024/04/01,
,株式会社アルダグラム,,成約,番号利用料フリーダイヤル,1,"￥2,000",IP_FD,TRUE,2024/12/01,
,株式会社PKSHA Infinity,,成約,Comdesk Lead Standard Plan ID,6,"￥6,000",CL_ID_04,TRUE,2026/02/01,
,株式会社PKSHA Infinity,,成約,Comdesk Lead 携帯回線プラン,6,"￥7,980",CL_MP_01,TRUE,2026/02/01,
,株式会社PKSHA Infinity,,成約,Comdesk Lead Standard Plan IDより,6,"-￥2,000",DIS_4,TRUE,2026/02/01,
,株式会社PKSHA Infinity,,成約,Comdesk Lead 管理者用ID,2,"￥6,000",CL_ID_10,TRUE,2026/02/01,
,株式会社PKSHA Infinity,,成約,Comdesk Lead 管理者用IDより,2,"-￥5,000",DIS_5,TRUE,2026/02/01,
,株式会社Speee,,成約,Comdesk Lead Standard Plan ID,3,"￥6,000",CL_ID_04,TRUE,2025/10/01,
,株式会社Speee,,成約,Comdesk Lead 携帯回線プラン,2,"￥7,980",CL_MP_01,TRUE,2025/10/01,
,有限会社バードシステム,,成約,Comdesk Lead Standard Plan ID,5,"￥10,000",CL_ID_04,TRUE,2025/08/01,
,有限会社バードシステム,,成約,スマートフォン利用料(Android),5,"￥4,000",MP_01,TRUE,2025/08/01,
,有限会社バードシステム,,成約,Comdesk Lead 管理者用ID,2,"￥10,000",CL_ID_10,TRUE,2026/03/01,
,有限会社バードシステム,,成約,Comdesk Lead 管理者用IDより,2,"-￥10,000",DIS_5,TRUE,2026/03/01,
,個人事業主(梅澤 隼様),,成約,Comdesk Lead 携帯回線プラン(端末持込),1,"￥3,980",CL_MP_02,TRUE,2023/05/01,
,個人事業主(梅澤 隼様),,成約,調整代金,1,"-￥8,980",DC_02,TRUE,2023/07/01,
,個人事業主(梅澤 隼様),,成約,Comdesk Lead Standard Plan ID,1,"￥6,000",CL_ID_04,TRUE,2025/08/01,
,個人事業主(梅澤 隼様),,成約,Comdesk Lead 携帯回線プラン(端末持込)より,1,"-￥1,000",DIS_9,TRUE,2026/03/01,
,個人事業主(倉田 智貴様),,成約,Comdesk Lead 携帯回線プラン(端末持込),1,"￥3,980",CL_MP_02,TRUE,2023/05/01,
,個人事業主(倉田 智貴様),,成約,調整代金,1,"-￥8,980",DC_02,TRUE,2023/07/01,
,個人事業主(倉田 智貴様),,成約,Comdesk Lead Standard Plan ID,1,"￥6,000",CL_ID_04,TRUE,2025/08/01,
,個人事業主(倉田 智貴様),,成約,Comdesk Lead 携帯回線プラン(端末持込)より,1,"-￥1,000",DIS_9,TRUE,2026/03/01,
,個人事業主(石河 亘善様),,成約,Comdesk Lead 携帯回線プラン(端末持込),1,"￥3,980",CL_MP_02,TRUE,2023/05/01,
,個人事業主(石河 亘善様),,成約,調整代金,1,"-￥8,980",DC_02,TRUE,2023/07/01,
,個人事業主(石河 亘善様),,成約,Comdesk Lead Standard Plan ID,1,"￥6,000",CL_ID_04,TRUE,2025/08/01,
,個人事業主(石河 亘善様),,成約,Comdesk Lead 携帯回線プラン(端末持込)より,1,"-￥1,000",DIS_9,TRUE,2026/03/01,
,株式会社メインランドジャパン,,成約,Comdesk Lead Standard Plan ID,27,"￥6,000",CL_ID_04,TRUE,2025/04/01,
,株式会社メインランドジャパン,,成約,キャリア録音,37,￥200,CMP_OP_07,TRUE,2025/04/01,
,株式会社メインランドジャパン,,成約,Comdesk Lead 携帯回線プラン(端末持込),28,"￥2,980",CL_MP_02,TRUE,2025/08/01,
,株式会社メインランドジャパン,,成約,Comdesk Lead IP回線プラン,6,￥980,CL_ID_06,TRUE,2025/11/01,
,株式会社メインランドジャパン,,成約,番号利用料0ABJ,1,￥500,IP_0ABJ,TRUE,2025/11/01,
,株式会社メインランドジャパン,,成約,チャネル利用料,6,"￥1,500",IP_Channel,TRUE,2025/11/01,
,株式会社メインランドジャパン,,成約,キャリア録音より,37,-￥100,DIS_18,TRUE,2026/03/01,
,株式会社メインランドジャパン,,成約,Comdesk Lead 管理者用IDより,3,"-￥6,000",DIS_5,TRUE,2026/03/01,
,株式会社メインランドジャパン,,成約,Comdesk Lead 管理者用ID,3,"￥6,000",CL_ID_10,TRUE,2026/03/01,
,株式会社ヒューマンコンサルティング,,成約,Comdesk Lead 携帯回線プラン,1,"￥7,980",CL_MP_01,TRUE,2023/04/01,
,株式会社ヒューマンコンサルティング,,成約,Comdesk Lead Standard Plan ID,1,"￥6,000",CL_ID_04,TRUE,2025/08/01,
,株式会社ヒューマンコンサルティング,,成約,Comdesk Lead Standard Plan IDより,1,"-￥3,000",DIS_4,TRUE,2026/03/01,
,株式会社PEEES,,成約,Comdesk Lead CRM連携Plan ID,97,"￥4,000",CL_ID_03,TRUE,2024/07/01,
,株式会社PEEES,,成約,録音サーバー（月額保守費用）,1,"￥150,000",youwire_02,TRUE,2024/07/01,
,株式会社PEEES,,成約,Comdesk Lead 携帯回線プラン(端末持込),97,"￥2,980",CL_MP_02,TRUE,2025/08/01,
,株式会社PEEES,,成約,Comdesk Lead CRM連携Plan IDより,97,"-￥1,400",DIS_7,TRUE,2026/03/01,
,株式会社ACMEE,,成約,Comdesk Lead 携帯回線プラン,15,"￥7,980",CL_MP_01,TRUE,2024/04/01,
,株式会社ACMEE,,成約,Comdesk Lead Standard Plan ID,15,"￥6,000",CL_ID_04,TRUE,2024/04/01,
,株式会社ACMEE,,成約,番号利用料0ABJ,1,￥500,IP_0ABJ,TRUE,2024/05/01,
,株式会社ACMEE,,成約,チャネル利用料,4,"￥1,500",IP_Channel,TRUE,2024/05/01,
,株式会社ACMEE,,成約,Comdesk Lead Standard Plan IDより,15,-￥500,DIS_4,TRUE,2026/03/01,
,株式会社ACMEE,,成約,Comdesk Lead 携帯回線プランより,15,"-￥1,480",DIS_8,TRUE,2026/03/01,
,レガシア株式会社,,成約,Comdesk Lead Standard Plan ID,15,"￥6,000",CL_ID_04,TRUE,2025/07/01,
,レガシア株式会社,,成約,録音サーバー（月額保守費用）,1,"￥150,000",youwire_02,TRUE,2025/07/01,
,レガシア株式会社,,成約,Comdesk Lead 携帯回線プラン(端末持込),15,"￥2,980",CL_MP_02,TRUE,2025/08/01,
,レガシア株式会社,,成約,Comdesk Lead 携帯回線プラン(端末持込)より,15,"-￥1,980",DIS_9,TRUE,2026/03/01,
,レガシア株式会社,,成約,Comdesk Lead Standard Plan IDより,15,-￥980,DIS_4,TRUE,2026/03/01,
,レガシア株式会社,,成約,録音サーバー（月額保守費用）より,1,"-￥49,500",DIS_24,TRUE,2026/03/01,
,BRANU株式会社,,成約,Comdesk Lead 携帯回線プラン,135,"￥7,980",CL_MP_01,TRUE,2023/09/01,
,BRANU株式会社,,成約,Comdesk Lead Standard Plan ID,135,"￥6,000",CL_ID_04,TRUE,2025/08/01,
,セルプロモート株式会社,,成約,IP回線基本料,1,"￥4,500",IP_01,TRUE,2022/12/01,
,セルプロモート株式会社,,成約,IP電話料金_Pack 20000,1,"￥20,000",IP_Pack20000,TRUE,2024/12/01,
,セルプロモート株式会社,,成約,Comdesk Lead Standard Plan ID,22,"￥6,000",CL_ID_04,TRUE,2025/08/01,
,セルプロモート株式会社,,成約,番号利用料0ABJ,5,￥500,IP_0ABJ,TRUE,2025/08/01,
,セルプロモート株式会社,,成約,チャネル利用料,20,"￥2,000",IP_Channel,TRUE,2025/08/01,
,セルプロモート株式会社,,成約,Comdesk Lead Standard Plan IDより,2,"-￥6,000",DIS_4,TRUE,2026/03/01,
,SALES GO株式会社,,成約,Comdesk Lead Standard Plan ID,3,"￥6,000",CL_ID_04,TRUE,2024/09/01,
,SALES GO株式会社,,成約,Comdesk Lead 携帯回線プラン,3,"￥7,980",CL_MP_01,TRUE,2024/09/01,
,株式会社Sales Marker,,成約,Comdesk Lead CRM連携Plan ID,18,"￥6,000",CL_ID_03,TRUE,2025/02/01,
,株式会社Sales Marker,,成約,Comdesk Lead 携帯回線プラン,16,"￥7,980",CL_MP_01,TRUE,2025/02/01,
,株式会社WAKUWAKU,,成約,Comdesk Lead Standard Plan ID,1,"￥6,000",CL_ID_04,TRUE,2025/02/01,
,株式会社WAKUWAKU,,成約,Comdesk Lead 携帯回線プラン,1,"￥7,980",CL_MP_01,TRUE,2025/02/01,
,SALESCORE株式会社,,成約,Comdesk Lead Standard Plan ID,8,"￥6,000",CL_ID_04,TRUE,2024/11/01,
,SALESCORE株式会社,,成約,Comdesk Lead 携帯回線プラン,8,"￥7,980",CL_MP_01,TRUE,2024/11/01,
,株式会社PGSホーム,,成約,Comdesk Lead Standard Plan ID,42,"￥6,500",CL_ID_04,TRUE,2024/11/01,
,株式会社PGSホーム,,成約,Comdesk Lead 携帯回線プラン,40,"￥7,980",CL_MP_01,TRUE,2024/11/01,
,株式会社ネクサスプロパティマネジメント,,成約,Comdesk Lead Standard Plan ID,7,"￥10,000",CL_ID_04,TRUE,2025/08/01,
,株式会社ネクサスプロパティマネジメント,,成約,スマートフォン利用料(Android),7,"￥4,000",MP_01,TRUE,2025/08/01,
,株式会社日本ヴェルテック,,成約,携帯オプション_留守番電話プラス,3,￥300,MO_OP_03,TRUE,2023/01/01,
,株式会社日本ヴェルテック,,成約,Comdesk Lead Standard Plan ID,3,"￥10,000",CL_ID_04,TRUE,2025/08/01,
,株式会社日本ヴェルテック,,成約,スマートフォン利用料(Android),3,"￥4,000",MP_01,TRUE,2025/08/01,
,株式会社B-team,,成約,Comdesk Lead Standard Plan ID,1,"￥8,000",CL_ID_04,TRUE,2025/08/01,
,株式会社B-team,,成約,スマートフォン利用料(Android),2,"￥4,000",MP_01,TRUE,2025/08/01,
,株式会社 アイル,,成約,貴社特別ディスカウント（月額）,1,"-￥10,000",DC_01,TRUE,2023/10/01,
,株式会社 アイル,,成約,Comdesk Lead Standard Plan ID,13,"￥10,000",CL_ID_04,TRUE,2025/08/01,
,株式会社 アイル,,成約,スマートフォン利用料(Android),12,"￥4,000",MP_01,TRUE,2025/08/01,
,株式会社ティーエスエー,,成約,Comdesk Lead Standard Plan ID,19,"￥9,000",CL_ID_04,TRUE,2025/08/01,
,株式会社ティーエスエー,,成約,スマートフォン利用料(Android),19,"￥4,000",MP_01,TRUE,2025/08/01,
,株式会社BizPlatform,,成約,Comdesk Lead Standard Plan ID,10,"￥10,000",CL_ID_04,TRUE,2025/08/01,
,株式会社BizPlatform,,成約,スマートフォン利用料(Android),10,"￥4,000",MP_01,TRUE,2025/08/01,
,株式会社レプラスワールド,,成約,貴社特別ディスカウント（月額）,1,"-￥10,000",DC_01,TRUE,2023/10/01,
,株式会社レプラスワールド,,成約,Comdesk Lead Standard Plan ID,6,"￥10,000",CL_ID_04,TRUE,2025/08/01,
,株式会社レプラスワールド,,成約,スマートフォン利用料(Android),6,"￥4,000",MP_01,TRUE,2025/08/01,
,株式会社HIGHER,,成約,Comdesk Lead Standard Plan ID,20,"￥6,000",CL_ID_04,TRUE,2025/08/01,
,エムズ株式会社,,成約,Comdesk Lead Standard Plan ID,40,"￥6,000",CL_ID_04,TRUE,2025/11/01,
,エムズ株式会社,,成約,Comdesk Lead 携帯回線プラン(端末持込),40,"￥2,980",CL_MP_02,TRUE,2025/11/01,
,エムズ株式会社,,成約,ChatGPT連携オプション,41,"￥1,000",MP_OP_11,TRUE,2025/11/01,
,エムズ株式会社,,成約,録音サーバー（月額保守費用）,1,"￥150,000",youwire_02,TRUE,2025/11/01,
,エムズ株式会社,,成約,Comdesk Lead Standard Plan IDより,40,"-￥2,000",DIS_4,TRUE,2026/03/01,
,エムズ株式会社,,成約,Comdesk Lead 管理者用ID,1,"￥6,000",CL_ID_10,TRUE,2026/03/01,
,エムズ株式会社,,成約,録音サーバー（月額保守費用）より,1,"-￥50,000",DIS_24,TRUE,2026/03/01,
,株式会社Overall,,成約,Comdesk Lead 携帯回線プラン,1,"￥7,980",CL_MP_01,TRUE,2025/08/01,
,株式会社Overall,,成約,Comdesk Lead Standard Plan ID,1,"￥6,000",CL_ID_04,TRUE,2025/08/01,
,株式会社アセットビルダー,,成約,貴社特別ディスカウント（月額）,26,"-￥2,000",DC_01,TRUE,2024/06/01,
,株式会社アセットビルダー,,成約,Comdesk Lead 携帯回線プラン,24,"￥7,980",CL_MP_01,TRUE,2025/08/01,
,株式会社アセットビルダー,,成約,Comdesk Lead Standard Plan ID,26,"￥6,000",CL_ID_04,TRUE,2025/08/01,
,株式会社PTOK,,成約,Comdesk Lead 携帯回線プラン,12,"￥7,980",CL_MP_01,TRUE,2025/08/01,
,株式会社PTOK,,成約,Comdesk Lead Standard Plan ID,22,"￥6,000",CL_ID_04,TRUE,2025/08/01,
,株式会社Sales and Innovation Japan,,成約,Comdesk Lead 携帯回線プラン,1,"￥7,980",CL_MP_01,TRUE,2023/02/01,
,株式会社Sales and Innovation Japan,,成約,貴社特別ディスカウント（月額）,1,"-￥1,980",DC_01,TRUE,2023/02/01,
,株式会社Sales and Innovation Japan,,成約,Comdesk Lead Standard Plan ID,1,"￥6,000",CL_ID_04,TRUE,2025/08/01,
,株式会社Another works,,成約,Comdesk Lead Standard Plan ID,6,"￥6,000",CL_ID_04,TRUE,2025/06/01,
,株式会社Another works,,成約,Comdesk Lead 携帯回線プラン,6,"￥7,980",CL_MP_01,TRUE,2025/06/01,
,株式会社イニシャル,,成約,Comdesk Lead Standard Plan ID,3,"￥6,500",CL_ID_04,TRUE,2024/09/01,
,株式会社イニシャル,,成約,Comdesk Lead 携帯回線プラン,3,"￥7,980",CL_MP_01,TRUE,2024/09/01,
,株式会社MOTA,,成約,Comdesk Lead 携帯回線プラン,1,"￥7,980",CL_MP_01,TRUE,2026/02/01,
,株式会社MOTA,,成約,Comdesk Lead Standard Plan ID,1,"￥6,000",CL_ID_04,TRUE,2026/02/01,
,株式会社MOTA,,成約,Comdesk Lead Standard Plan ID,4,"￥6,000",CL_ID_04,TRUE,2025/06/01,
,株式会社MOTA,,成約,Comdesk Lead 携帯回線プラン,4,"￥7,980",CL_MP_01,TRUE,2025/06/01,
,株式会社MOTA,,成約,Comdesk Lead Standard Plan ID,10,"￥6,000",CL_ID_04,TRUE,2025/04/01,
,株式会社MOTA,,成約,Comdesk Lead 携帯回線プラン,10,"￥7,980",CL_MP_01,TRUE,2025/04/01,
,株式会社ニッテイライフ,,成約,Comdesk Lead Standard Plan ID,34,"￥6,000",CL_ID_04,TRUE,2023/01/01,
,株式会社ニッテイライフ,,成約,Comdesk Lead IP・携帯回線プラン,34,"￥7,980",CL_IPMO_01,TRUE,2023/01/01,
,株式会社ニッテイライフ,,成約,チャネル利用料,5,"￥1,500",IP_Channel,TRUE,2023/01/01,
,株式会社ニッテイライフ,,成約,貴社特別ディスカウント（月額）,34,-￥600,DC_01,TRUE,2023/02/01,
,株式会社ニッテイライフ,,成約,番号利用料0ABJ,1,￥500,IP_0ABJ,TRUE,2025/08/01,
,日本エコロジー株式会社,,成約,Comdesk Lead 携帯回線プラン,2,"￥7,980",CL_MP_01,TRUE,2023/03/15,
,日本エコロジー株式会社,,成約,Comdesk Lead Standard Plan ID,2,"￥6,000",CL_ID_04,TRUE,2025/08/01,
,株式会社スタイルアジアンインベスター,,成約,Comdesk Lead 携帯回線プラン,9,"￥7,980",CL_MP_01,TRUE,2025/08/01,
,株式会社スタイルアジアンインベスター,,成約,貴社特別ディスカウント（月額）,9,"-￥3,070",DC_01,TRUE,2025/08/01,
,株式会社スタイルアジアンインベスター,,成約,Comdesk Lead Standard Plan ID,9,"￥6,000",CL_ID_04,TRUE,2025/08/01,
,トリプルエース株式会社,,成約,Comdesk Lead 携帯回線プラン,1,"￥7,980",CL_MP_01,TRUE,2023/06/01,
,トリプルエース株式会社,,成約,携帯SMSオプション,1,"￥1,000",MP_OP_01,TRUE,2023/06/01,
,トリプルエース株式会社,,成約,Comdesk Lead Standard Plan ID,1,"￥6,000",CL_ID_04,TRUE,2025/08/01,
,株式会社ウエルダン,,成約,Comdesk Lead 携帯回線プラン,5,"￥7,980",CL_MP_01,TRUE,2023/06/01,
,株式会社ウエルダン,,成約,Comdesk Lead Standard Plan ID,6,"￥6,000",CL_ID_04,TRUE,2025/08/01,
,株式会社AK expedition,,成約,Comdesk Lead IP・携帯回線プラン,3,"￥7,980",CL_IPMO_01,TRUE,2023/07/01,
,株式会社AK expedition,,成約,Comdesk Lead Standard Plan ID,3,"￥6,000",CL_ID_04,TRUE,2025/08/01,
,株式会社エクスゲート,,成約,Comdesk Lead Standard Plan ID,21,"￥6,000",CL_ID_04,TRUE,2023/07/01,
,株式会社エクスゲート,,成約,Comdesk Lead 携帯回線プラン,21,"￥7,980",CL_MP_01,TRUE,2023/07/01,
,StrategyDrive株式会社,,成約,Comdesk Lead Standard Plan ID,5,"￥6,000",CL_ID_04,TRUE,2025/08/01,
,有限会社たけひろ建築工房,,成約,Comdesk Lead CRM連携Plan ID,1,"￥4,000",CL_ID_03,TRUE,2023/07/01,
,有限会社たけひろ建築工房,,成約,Comdesk Lead 携帯回線プラン,1,"￥7,980",CL_MP_01,TRUE,2023/07/01,
,有限会社たけひろ建築工房,,成約,携帯SMSオプション,1,"￥1,000",MP_OP_01,TRUE,2023/07/01,
,株式会社WINQER,,成約,Comdesk Lead Standard Plan ID,5,"￥6,000",CL_ID_04,TRUE,2023/08/01,
,株式会社WINQER,,成約,Comdesk Lead 携帯回線プラン,5,"￥7,980",CL_MP_01,TRUE,2023/08/01,
,Ann株式会社,,成約,Comdesk Lead Standard Plan ID,30,"￥6,000",CL_ID_04,TRUE,2023/10/01,
,Ann株式会社,,成約,Comdesk Lead 携帯回線プラン,30,"￥7,980",CL_MP_01,TRUE,2023/10/01,
,Ann株式会社,,成約,Comdesk Lead Standard Plan IDより,30,"-￥2,000",DIS_4,TRUE,2026/03/01,
,Ann株式会社,,成約,Comdesk Lead 携帯回線プランより,30,"-￥3,980",DIS_8,TRUE,2026/03/01,
,株式会社センキャク,,成約,Comdesk Lead Standard Plan ID,2,"￥6,000",CL_ID_04,TRUE,2023/11/01,
,株式会社センキャク,,成約,Comdesk Lead 携帯回線プラン,2,"￥7,980",CL_MP_01,TRUE,2023/11/01,
,株式会社荻原工業,,成約,Comdesk Lead Standard Plan ID,5,"￥6,000",CL_ID_04,TRUE,2023/09/01,
,株式会社荻原工業,,成約,Comdesk Lead 携帯回線プラン,5,"￥7,980",CL_MP_01,TRUE,2023/09/01,
,キャピタル・ブラザーズ株式会社,,成約,Comdesk Lead Standard Plan ID,5,"￥10,000",CL_ID_04,TRUE,2025/08/01,
,キャピタル・ブラザーズ株式会社,,成約,スマートフォン利用料(Android),5,"￥4,000",MP_01,TRUE,2025/08/01,
,株式会社シティ情報ふくおか,,成約,Comdesk Lead Standard Plan ID,1,"￥6,000",CL_ID_04,TRUE,2024/01/01,
,株式会社シティ情報ふくおか,,成約,Comdesk Lead IP・携帯回線プラン,1,"￥7,980",CL_IPMO_01,TRUE,2024/01/01,
,株式会社HAREMA,,成約,Comdesk Lead Standard Plan ID,4,"￥6,000",CL_ID_04,TRUE,2024/03/01,
,株式会社HAREMA,,成約,Comdesk Lead 携帯回線プラン,4,"￥7,980",CL_MP_01,TRUE,2025/08/01,
,株式会社Lib Work,,成約,Comdesk Lead CRM連携Plan ID,10,"￥4,000",CL_ID_03,TRUE,2024/02/01,
,株式会社Lib Work,,成約,Comdesk Lead IP・携帯回線プラン,10,"￥7,980",CL_IPMO_01,TRUE,2025/08/01,
,株式会社MTOホールディングス,,成約,Comdesk Lead Standard Plan ID,4,"￥6,000",CL_ID_04,TRUE,2024/03/01,
,株式会社MTOホールディングス,,成約,携帯SMSオプション,2,"￥1,000",MP_OP_01,TRUE,2024/03/01,
,株式会社MTOホールディングス,,成約,Comdesk Lead 携帯回線プラン,5,"￥7,980",CL_MP_01,TRUE,2025/08/01,
,株式会社Day one partners,,成約,Comdesk Lead Standard Plan ID,5,￥0,CL_ID_04,TRUE,2024/09/01,
,株式会社Day one partners,,成約,スマートフォン利用料(Android),5,"￥4,000",MP_01,TRUE,2024/09/01,
,株式会社DSK,,成約,Comdesk Lead Standard Plan ID,3,￥0,CL_ID_04,TRUE,,
,株式会社DSK,,成約,スマートフォン利用料(Android),3,"￥4,000",MP_01,TRUE,2024/09/01,
,株式会社壱,,成約,スマートフォン利用料(Android),9,"￥4,000",MP_01,TRUE,2024/09/01,
,株式会社アース,,成約,Comdesk Lead Standard Plan ID,8,"￥6,000",CL_ID_04,TRUE,2024/04/01,
,株式会社アース,,成約,Comdesk Lead 携帯回線プラン,8,"￥7,980",CL_MP_01,TRUE,2025/08/01,
,株式会社GW,,成約,Comdesk Lead Standard Plan ID,10,"￥6,000",CL_ID_04,TRUE,2024/06/01,
,株式会社GW,,成約,Comdesk Lead 携帯回線プラン,10,"￥7,980",CL_MP_01,TRUE,2024/06/01,
,株式会社トラストマネジメントジャパン,,成約,Comdesk Lead Standard Plan ID,9,"￥6,000",CL_ID_04,TRUE,2024/07/01,
,株式会社トラストマネジメントジャパン,,成約,事務手数料：請求書郵送代金,1,￥200,OP_04,TRUE,2024/07/01,
,株式会社トラストマネジメントジャパン,,成約,Comdesk Lead 携帯回線プラン,5,"￥7,980",CL_MP_01,TRUE,2025/08/01,
,株式会社セロウングループ,,成約,Comdesk Lead Standard Plan ID,1,"￥10,000",CL_ID_04,TRUE,2025/08/01,
,株式会社セロウングループ,,成約,スマートフォン利用料(Android),1,"￥4,000",MP_01,TRUE,2025/08/01,
,株式会社アートスペース,,成約,Comdesk Lead Standard Plan ID,6,"￥6,000",CL_ID_04,TRUE,2024/10/01,
,株式会社アートスペース,,成約,Comdesk Lead 携帯回線プラン,5,"￥7,980",CL_MP_01,TRUE,2025/08/01,
,株式会社キャリア・ブランディング,,成約,Comdesk Lead Standard Plan ID,5,"￥6,000",CL_ID_04,TRUE,2024/09/01,
,株式会社キャリア・ブランディング,,成約,Comdesk Lead 携帯回線プラン,5,"￥7,980",CL_MP_01,TRUE,2025/08/01,
,株式会社SCHEME,,成約,Comdesk Lead Standard Plan ID,1,"￥6,500",CL_ID_04,TRUE,2024/10/01,
,株式会社SCHEME,,成約,Comdesk Lead 携帯回線プラン,1,"￥7,980",CL_MP_01,TRUE,2024/10/01,
,株式会社SCHEME,,成約,携帯SMSオプション,1,"￥1,000",MP_OP_01,TRUE,2024/10/01,
,株式会社ネオスタイルロジ,,成約,Comdesk Lead Standard Plan ID,6,"￥5,000",CL_ID_04,TRUE,2024/11/01,
,株式会社ネオスタイルロジ,,成約,Comdesk Lead 携帯回線プラン,5,"￥7,980",CL_MP_01,TRUE,2024/11/01,
,ST-TRADE株式会社,,成約,Comdesk Lead Standard Plan ID,2,"￥6,000",CL_ID_04,TRUE,2025/01/01,
,ST-TRADE株式会社,,成約,Comdesk Lead 携帯回線プラン,2,"￥7,980",CL_MP_01,TRUE,2025/01/01,
,株式会社LibertyUP,,成約,SMSオプション基本料,1,"￥1,000",SMS_01,TRUE,2022/12/01,
,株式会社LibertyUP,,成約,Comdesk Lead 携帯回線プラン,19,"￥7,980",CL_MP_01,TRUE,2025/08/01,
,株式会社LibertyUP,,成約,Comdesk Lead Standard Plan ID,19,"￥6,000",CL_ID_04,TRUE,2025/08/01,
,株式会社XiM,,成約,Comdesk Lead Standard Plan ID,7,"￥6,000",CL_ID_04,TRUE,2025/08/01,
,株式会社XiM,,成約,Comdesk Lead 携帯回線プラン,7,"￥7,980",CL_MP_01,TRUE,2025/08/01,
,株式会社ミツカルプロフェッショナル,,成約,Comdesk Lead Standard Plan ID,21,"￥6,000",CL_ID_04,TRUE,2025/08/01,
,株式会社ミツカルプロフェッショナル,,成約,Comdesk Lead 携帯回線プラン,21,"￥7,980",CL_MP_01,TRUE,2025/08/01,
,株式会社Wiz,,成約,Comdesk Lead Standard Plan ID,2,"￥6,000",CL_ID_04,TRUE,2025/10/01,
,株式会社Wiz,,成約,Comdesk Lead 携帯回線プラン,2,"￥7,980",CL_MP_01,TRUE,2025/10/01,
,株式会社Wiz,,成約,ChatGPT連携オプション,2,"￥1,000",MP_OP_11,TRUE,2025/10/01,
,株式会社アイスマイリー,,成約,Comdesk Lead Standard Plan ID,10,"￥6,000",CL_ID_04,TRUE,2023/09/01,
,株式会社アイスマイリー,,成約,Comdesk Lead IP・携帯回線プラン,14,"￥7,980",CL_IPMO_01,TRUE,2023/09/01,
,株式会社アイスマイリー,,成約,チャネル利用料,3,"￥1,500",IP_Channel,TRUE,2023/09/01,
,株式会社アイスマイリー,,成約,番号利用料0ABJ,1,￥500,IP_0ABJ,TRUE,2023/09/01,
,株式会社Make my life,,成約,Comdesk Lead Standard Plan ID,8,"￥6,000",CL_ID_04,TRUE,2025/07/01,
,株式会社Make my life,,成約,Comdesk Lead 携帯回線プラン,7,"￥7,980",CL_MP_01,TRUE,2025/07/01,
,株式会社Make my life,,成約,ChatGPT連携オプション,8,"￥1,000",MP_OP_11,TRUE,2025/07/01,
,AYO土地建物株式会社,,成約,Comdesk Lead Standard Plan ID,6,"￥6,000",CL_ID_04,TRUE,2025/02/01,
,AYO土地建物株式会社,,成約,Comdesk Lead 携帯回線プラン,6,"￥7,980",CL_MP_01,TRUE,2025/02/01,
,株式会社リード,,成約,Comdesk Lead Standard Plan ID,3,"￥6,000",CL_ID_04,TRUE,2025/03/01,
,株式会社リード,,成約,Comdesk Lead 携帯回線プラン,3,"￥7,980",CL_MP_01,TRUE,2025/03/01,
,株式会社ETERNAL BEAUTY GLOBAL,,成約,Comdesk Lead Standard Plan ID,4,"￥6,000",CL_ID_04,TRUE,2024/07/01,
,株式会社ETERNAL BEAUTY GLOBAL,,成約,Comdesk Lead 携帯回線プラン,4,"￥7,980",CL_MP_01,TRUE,2025/08/01,
,株式会社クロスギア,,成約,Comdesk Lead Standard Plan ID,1,"￥6,000",CL_ID_04,TRUE,2025/03/01,
,株式会社クロスギア,,成約,Comdesk Lead 携帯回線プラン,1,"￥7,980",CL_MP_01,TRUE,2025/03/01,
,株式会社ヴォーカス,,成約,Comdesk Lead Standard Plan ID,4,"￥6,000",CL_ID_04,TRUE,2025/04/01,
,株式会社ヴォーカス,,成約,Comdesk Lead 携帯回線プラン,4,"￥7,980",CL_MP_01,TRUE,2025/04/01,
,株式会社ヴォーカス,,成約,携帯SMSオプション,4,"￥1,000",MP_OP_01,TRUE,2025/04/01,
,株式会社ヴォーカス,,成約,Comdesk Lead Standard Plan IDより,4,"-￥2,000",DIS_4,TRUE,2026/03/01,
,ストックマーク株式会社,,成約,Comdesk Lead Standard Plan ID,14,"￥6,000",CL_ID_04,TRUE,2025/06/01,
,ストックマーク株式会社,,成約,Comdesk Lead 携帯回線プラン,13,"￥7,980",CL_MP_01,TRUE,2025/06/01,
,ストックマーク株式会社,,成約,ChatGPT連携オプション,13,"￥1,000",MP_OP_11,TRUE,2025/06/01,
,株式会社iHOLON,,成約,Comdesk Lead Standard Plan ID,2,"￥6,000",CL_ID_04,TRUE,2026/03/01,
,株式会社iHOLON,,成約,Comdesk Lead 携帯回線プラン,2,"￥7,980",CL_MP_01,TRUE,2026/03/01,
,YS,,成約,Comdesk Lead Standard Plan ID,1,"￥6,000",CL_ID_04,TRUE,2026/03/01,
,YS,,成約,Comdesk Lead IP・携帯回線プラン,1,"￥7,980",CL_IPMO_01,TRUE,2026/03/01,
,株式会社TAT,,成約,Comdesk Lead Standard Plan ID,2,"￥6,500",CL_ID_04,TRUE,2024/07/01,
,株式会社TAT,,成約,Comdesk Lead 携帯回線プラン,2,"￥7,980",CL_MP_01,TRUE,2025/08/01,
,株式会社アシスト,,成約,Comdesk Lead Standard Plan ID,17,"￥6,000",CL_ID_04,TRUE,2024/10/01,
,株式会社アシスト,,成約,Comdesk Lead 携帯回線プラン(端末持込2980円),32,"￥2,980",CL_MP_03,TRUE,,
,株式会社アシスト,,成約,チャネル利用料,16,"￥1,500",IP_Channel,TRUE,2025/03/01,
,株式会社アシスト,,成約,Comdesk Lead IP回線プラン,17,￥980,CL_ID_06,TRUE,2025/03/01,
,株式会社アシスト,,成約,番号利用料0ABJ,4,￥500,IP_0ABJ,TRUE,2025/03/01,
,株式会社アシスト,,成約,録音サーバー（月額保守費用）,1,"￥90,000",youwire_02,TRUE,2025/10/01,
,株式会社DKマーケティング,,成約,Comdesk Lead CRM連携Plan ID,5,"￥6,500",CL_ID_03,TRUE,2024/12/01,
,株式会社DKマーケティング,,成約,Comdesk Lead IP・携帯回線プラン,4,"￥7,980",CL_IPMO_01,TRUE,2024/12/01,
,株式会社DKマーケティング,,成約,チャネル利用料,4,"￥1,500",IP_Channel,TRUE,2024/12/01,
,株式会社DKマーケティング,,成約,番号利用料0ABJ,1,￥500,IP_0ABJ,TRUE,2024/12/01,
,株式会社Family,,成約,Comdesk Lead Standard Plan ID,16,"￥6,000",CL_ID_04,TRUE,2026/03/01,
,株式会社Family,,成約,Comdesk Lead 携帯回線プラン,16,"￥7,980",CL_MP_01,TRUE,2026/03/01,
,株式会社Family,,成約,Comdesk Lead Standard Plan IDより,16,"-￥2,000",DIS_4,TRUE,2026/03/01,
,株式会社Oh my teeth,,成約,Comdesk Lead Standard Plan ID,16,"￥6,500",CL_ID_04,TRUE,2024/06/01,
,株式会社Oh my teeth,,成約,Comdesk Lead IP回線プラン,14,￥980,CL_ID_06,TRUE,2024/06/01,
,株式会社Oh my teeth,,成約,チャネル利用料,12,"￥1,500",IP_Channel,TRUE,2024/06/01,
,株式会社Oh my teeth,,成約,番号利用料フリーダイヤル,1,"￥2,000",IP_FD,TRUE,2024/06/01,
,株式会社Oh my teeth,,成約,IP電話料金_Pack 50000,1,"￥50,000",IP_Pack50000,TRUE,2024/06/01,
,株式会社Oh my teeth,,成約,携帯SMSオプション,2,"￥1,000",MP_OP_01,TRUE,2024/06/01,
,株式会社Oh my teeth,,成約,Webhook利用料,1,"￥30,000",OP_06,TRUE,2025/03/01,
,株式会社Oh my teeth,,成約,Comdesk Lead IP・携帯回線プラン,2,"￥7,980",CL_IPMO_01,TRUE,2025/08/01,
,株式会社Oh my teeth,,成約,番号利用料0ABJ,1,￥500,IP_0ABJ,TRUE,2025/08/01,
,キューアンドエー株式会社,,成約,Comdesk Lead Standard Plan ID,4,"￥6,000",CL_ID_04,TRUE,2025/04/01,
,キューアンドエー株式会社,,成約,番号利用料0ABJ,1,￥500,IP_0ABJ,TRUE,2025/04/01,
,キューアンドエー株式会社,,成約,チャネル利用料,3,"￥1,500",IP_Channel,TRUE,2025/04/01,
,キューアンドエー株式会社,,成約,Comdesk Lead IP・携帯回線プラン,3,"￥7,980",CL_IPMO_01,TRUE,2025/04/01,
,キューアンドエー株式会社,,成約,Comdesk Lead IP回線プラン,1,￥980,CL_ID_06,TRUE,2025/06/01,
,株式会社HornetVentures,,成約,Comdesk Lead Standard Plan ID,2,"￥6,000",CL_ID_04,TRUE,2025/05/01,
,株式会社HornetVentures,,成約,Comdesk Lead 携帯回線プラン,2,"￥7,980",CL_MP_01,TRUE,2025/05/01,
,株式会社MyVision,,成約,Comdesk Lead 携帯回線プラン,14,"￥7,980",CL_MP_01,TRUE,2024/09/01,
,株式会社MyVision,,成約,Comdesk Lead Standard Plan ID,14,"￥6,000",CL_ID_04,TRUE,2024/09/01,
,株式会社C-Select,,成約,Comdesk Lead Standard Plan ID,3,"￥6,000",CL_ID_04,TRUE,2024/08/01,
,株式会社C-Select,,成約,Comdesk Lead 携帯回線プラン,3,"￥7,980",CL_MP_01,TRUE,2024/08/01,
,株式会社BE-Mark,,成約,Comdesk Lead Standard Plan ID,4,"￥6,000",CL_ID_04,TRUE,2024/09/01,
,株式会社BE-Mark,,成約,Comdesk Lead 携帯回線プラン,4,"￥7,980",CL_MP_01,TRUE,2024/09/01,
,ラクサスマネジメント株式会社,,成約,Comdesk Lead Standard Plan ID,20,"￥6,000",CL_ID_04,TRUE,2025/07/01,
,ラクサスマネジメント株式会社,,成約,Comdesk Lead 携帯回線プラン,20,"￥7,980",CL_MP_01,TRUE,2025/07/01,
,株式会社Canvi,,成約,Comdesk Lead Standard Plan ID,1,"￥6,000",CL_ID_04,TRUE,2025/10/01,
,株式会社Canvi,,成約,Comdesk Lead IP・携帯回線プラン,1,"￥7,980",CL_IPMO_01,TRUE,2025/10/01,
,株式会社Canvi,,成約,携帯SMSオプション,1,"￥1,000",MP_OP_01,TRUE,2025/10/01,
,株式会社HACK,,成約,Comdesk Lead Standard Plan ID,8,"￥6,000",CL_ID_04,TRUE,2023/11/01,
,株式会社HACK,,成約,Comdesk Lead 携帯回線プラン,7,"￥7,980",CL_MP_01,TRUE,2023/11/01,
,LSPinvestment株式会社,,成約,Comdesk Lead Standard Plan ID,6,"￥6,000",CL_ID_04,TRUE,2024/07/01,
,LSPinvestment株式会社,,成約,Comdesk Lead 携帯回線プラン,6,"￥7,980",CL_MP_01,TRUE,2025/08/01,
,株式会社ドアーズ,,成約,Comdesk Lead Standard Plan ID,90,"￥6,000",CL_ID_04,TRUE,2024/12/01,
,株式会社ドアーズ,,成約,Comdesk Lead 携帯回線プラン,78,"￥7,980",CL_MP_01,TRUE,2024/12/01,
,株式会社ドアーズ,,成約,チャネル利用料,25,"￥1,500",IP_Channel,TRUE,2024/12/01,
,株式会社ドアーズ,,成約,番号利用料フリーダイヤル,9,"￥2,000",IP_FD,TRUE,2024/12/01,
,株式会社ドアーズ,,成約,Comdesk Lead IP回線プラン,9,￥980,CL_ID_06,TRUE,2024/12/01,
,株式会社ドアーズ,,成約,番号利用料0ABJ,7,￥500,IP_0ABJ,TRUE,2025/06/01,
,株式会社ドアーズ,,成約,携帯オプション_法人基本パック,78,￥475,MO_OP_04,TRUE,2025/08/01,
,株式会社LITALICO,,成約,事務手数料,2,"￥2,000",OT_04,TRUE,2023/07/01,
,株式会社LITALICO,,成約,Comdesk Lead 携帯回線プラン(端末持込),220,"￥2,000",CL_MP_02,TRUE,2023/07/01,
,株式会社LITALICO,,成約,携帯SMSオプション,90,"￥1,000",MP_OP_01,TRUE,2023/09/01,
,株式会社LITALICO,,成約,番号利用料0ABJ,31,￥500,IP_0ABJ,TRUE,2025/08/01,
,株式会社LITALICO,,成約,番号利用料フリーダイヤル,8,"￥2,000",IP_FD,TRUE,2025/08/01,
,株式会社LITALICO,,成約,チャネル利用料,54,"￥1,500",IP_Channel,TRUE,2025/08/01,
,株式会社LITALICO,,成約,Comdesk Lead Standard Plan ID,220,"￥5,500",CL_ID_04,TRUE,2025/08/01,
,株式会社LITALICO,,成約,事務手数料,2,"￥1,000",ADF_1,TRUE,2025/09/01,
,株式会社LITALICO,,成約,Comdesk Lead Standard Plan IDより,220,"-￥2,000",DIS_4,TRUE,2026/03/01,
,株式会社エージェント（桐本様）,,成約,番号利用料フリーダイヤル,5,"￥2,000",IP_FD,TRUE,2025/08/01,
,株式会社エージェント（桐本様）,,成約,番号利用料0ABJ,6,￥500,IP_0ABJ,TRUE,2025/08/01,
,株式会社エージェント（桐本様）,,成約,Comdesk Lead Standard Plan ID,83,"￥6,000",CL_ID_04,TRUE,2025/08/01,
,株式会社エージェント（桐本様）,,成約,チャネル利用料,73,"￥1,500",IP_Channel,TRUE,2025/08/01,
,株式会社エージェント（桐本様）,,成約,Comdesk Lead IP回線プラン,83,￥980,CL_ID_06,TRUE,2025/08/01,
,株式会社エージェント（桐本様）,,成約,IP電話料金_Pack 100000,2,"￥100,000",IP_Pack100000,TRUE,2025/08/01,
,株式会社エージェント（桐本様）,,成約,Comdesk Lead Standard Plan IDより,83,"-￥4,000",DIS_4,TRUE,2026/03/01,
,株式会社PRIZMA,,成約,Comdesk Lead Standard Plan ID,4,"￥10,000",CL_ID_04,TRUE,2025/08/01,
,株式会社PRIZMA,,成約,貴社特別ディスカウント（月額）,4,"-￥4,500",DC_01,TRUE,2025/08/01,
,株式会社PRIZMA,,成約,スマートフォン利用料(Android),9,"￥4,000",MP_01,TRUE,2025/08/01,
,株式会社ECM,,成約,Comdesk Lead IP・携帯回線プラン,1,"￥7,980",CL_IPMO_01,TRUE,2023/07/01,
,株式会社ECM,,成約,チャネル利用料,20,"￥1,500",IP_Channel,TRUE,2023/07/01,
,株式会社ECM,,成約,Comdesk Lead IP回線プラン,18,￥980,CL_ID_06,TRUE,2023/12/01,
,株式会社ECM,,成約,スマートフォン利用料(Android),1,"￥4,000",MP_01,TRUE,2024/01/01,
,株式会社ECM,,成約,番号利用料0ABJ,1,￥500,IP_0ABJ,TRUE,2024/04/01,
,株式会社ECM,,成約,番号利用料フリーダイヤル,8,"￥2,000",IP_FD,TRUE,2025/08/01,
,株式会社ECM,,成約,Comdesk Lead Standard Plan ID,19,"￥6,000",CL_ID_04,TRUE,2025/08/01,
,ポート株式会社,,成約,IP回線基本料,1,"￥4,500",IP_01,TRUE,2022/12/01,
,ポート株式会社,,成約,Comdesk Lead Standard Plan ID,73,"￥5,000",CL_ID_04,TRUE,2025/08/01,
,ポート株式会社,,成約,番号利用料0ABJ,1,￥500,IP_0ABJ,TRUE,2025/08/01,
,ポート株式会社,,成約,チャネル利用料,3,"￥2,000",IP_Channel,TRUE,2025/08/01,
,ポート株式会社,,成約,スマートフォン利用料(Android),73,"￥4,000",MP_01,TRUE,2025/08/01,
,キャリアスタート株式会社,,成約,Comdesk Lead Standard Plan ID,7,"￥6,000",CL_ID_04,TRUE,2024/08/01,
,キャリアスタート株式会社,,成約,Comdesk Lead IP・携帯回線プラン,7,"￥7,980",CL_IPMO_01,TRUE,2024/08/01,
,キャリアスタート株式会社,,成約,チャネル利用料,7,"￥1,500",IP_Channel,TRUE,2024/08/01,
,キャリアスタート株式会社,,成約,番号利用料フリーダイヤル,1,"￥2,000",IP_FD,TRUE,2024/08/01,
,株式会社DRAFT,,成約,Comdesk Lead IP回線プラン,1,￥980,CL_ID_06,TRUE,2023/07/01,
,株式会社DRAFT,,成約,番号利用料0ABJ,1,￥500,IP_0ABJ,TRUE,2023/07/01,
,株式会社DRAFT,,成約,チャネル利用料,1,"￥1,500",IP_Channel,TRUE,2023/07/01,
,株式会社DRAFT,,成約,Comdesk Lead Standard Plan ID,1,"￥6,000",CL_ID_04,TRUE,2025/08/01,
,株式会社UNITE AGENT,,成約,Comdesk Lead 携帯回線プラン,1,"￥7,980",CL_MP_01,TRUE,2025/02/13,
,株式会社UNITE AGENT,,成約,Comdesk Lead Standard Plan ID,1,"￥6,000",CL_ID_04,TRUE,2025/02/13,
,株式会社Wells Partners,,成約,IP回線基本料,1,"￥3,009",IP_01,TRUE,2022/12/01,
,株式会社Wells Partners,,成約,Comdesk Lead Standard Plan ID,7,"￥10,000",CL_ID_04,TRUE,2025/08/01,
,株式会社Wells Partners,,成約,番号利用料0ABJ,3,￥500,IP_0ABJ,TRUE,2025/08/01,
,株式会社Wells Partners,,成約,チャネル利用料,6,"￥1,500",IP_Channel,TRUE,2025/08/01,
,株式会社Wells Partners,,成約,音声データ保存期間延長,1,"￥10,000",MP_OP_06,TRUE,2025/08/01,
,株式会社アプリグッド,,成約,IP回線基本料,1,"￥4,500",IP_01,TRUE,2022/12/01,
,株式会社アプリグッド,,成約,Comdesk Lead Standard Plan ID,3,"￥10,000",CL_ID_04,TRUE,2025/08/01,
,株式会社アプリグッド,,成約,番号利用料0ABJ,6,￥500,IP_0ABJ,TRUE,2025/08/01,
,株式会社アプリグッド,,成約,チャネル利用料,6,"￥2,000",IP_Channel,TRUE,2025/08/01,
,株式会社アイ・ステーション,,成約,IP回線基本料,1,"￥4,500",IP_01,TRUE,2022/12/01,
,株式会社アイ・ステーション,,成約,Comdesk Lead IP回線プラン,40,￥980,CL_ID_06,TRUE,2024/04/01,
,株式会社アイ・ステーション,,成約,Comdesk Lead Standard Plan ID,120,"￥6,000",CL_ID_04,TRUE,2024/11/01,
,株式会社アイ・ステーション,,成約,チャネル利用料,72,"￥1,500",IP_Channel,TRUE,2025/08/01,
,株式会社アイ・ステーション,,成約,番号利用料0ABJ,12,￥500,IP_0ABJ,TRUE,2025/08/01,
,株式会社アイ・ステーション,,成約,番号利用料フリーダイヤル,1,"￥2,000",IP_FD,TRUE,2025/08/01,
,株式会社アイ・ステーション,,成約,貴社特別ディスカウント（月額）,80,"-￥3,500",DC_01,TRUE,2026/01/01,
,WORKS INSURANCE株式会社,,成約,Comdesk Lead IP・携帯回線プラン,1,"￥7,980",CL_IPMO_01,TRUE,2023/03/01,
,WORKS INSURANCE株式会社,,成約,チャネル利用料,1,"￥1,500",IP_Channel,TRUE,2023/02/01,
,WORKS INSURANCE株式会社,,成約,Comdesk Lead Standard Plan ID,2,"￥6,000",CL_ID_04,TRUE,2025/08/01,
,BEGASO JAPAN合同会社,,成約,Comdesk Lead Standard Plan ID,4,"￥6,000",CL_ID_04,TRUE,2025/05/01,
,BEGASO JAPAN合同会社,,成約,Comdesk Lead 携帯回線プラン,4,"￥7,980",CL_MP_01,TRUE,2025/05/01,
,libUnite株式会社,,成約,チャネル利用料,6,"￥1,500",IP_Channel,TRUE,2023/04/01,
,libUnite株式会社,,成約,Comdesk Lead IP・携帯回線プラン,6,"￥7,980",CL_IPMO_01,TRUE,2023/04/01,
,libUnite株式会社,,成約,携帯SMSオプション,2,"￥1,000",MP_OP_01,TRUE,2023/10/01,
,libUnite株式会社,,成約,ChatGPT連携オプション,5,"￥1,000",MP_OP_11,TRUE,2024/02/01,
,libUnite株式会社,,成約,番号利用料フリーダイヤル,2,"￥2,000",IP_FD,TRUE,2025/08/01,
,libUnite株式会社,,成約,Comdesk Lead Standard Plan ID,6,"￥6,000",CL_ID_04,TRUE,2025/08/01,
,libUnite株式会社,,成約,番号利用料フリーダイヤルより,1,"-￥2,000",DIS_22,TRUE,2026/03/01,
,ベジクル株式会社,,成約,Comdesk Lead Standard Plan ID,15,"￥6,000",CL_ID_04,TRUE,2026/03/01,
,ベジクル株式会社,,成約,Comdesk Lead IP回線プラン,15,￥980,CL_ID_06,TRUE,2026/03/01,
,ベジクル株式会社,,成約,ChatGPT連携オプション,15,"￥1,000",MP_OP_11,TRUE,2026/03/01,
,ベジクル株式会社,,成約,番号利用料0ABJ,1,￥500,IP_0ABJ,TRUE,2026/03/01,
,ベジクル株式会社,,成約,チャネル利用料,15,"￥1,500",IP_Channel,TRUE,2026/03/01,
,ベジクル株式会社,,成約,Webhook利用料,1,"￥30,000",OP_06,TRUE,2026/03/01,
,GM住販株式会社,,成約,Comdesk Lead Standard Plan ID,20,"￥6,000",CL_ID_04,TRUE,2023/08/01,
,GM住販株式会社,,成約,Comdesk Lead IP・携帯回線プラン,20,"￥7,980",CL_IPMO_01,TRUE,2023/08/01,
,GM住販株式会社,,成約,チャネル利用料,12,"￥1,500",IP_Channel,TRUE,2023/08/01,
,GM住販株式会社,,成約,番号利用料0ABJ,4,￥500,IP_0ABJ,TRUE,2023/08/01,
,GM住販株式会社,,成約,携帯SMSオプション,16,"￥1,000",MP_OP_01,TRUE,2023/08/01,
,GM住販株式会社,,成約,Comdesk Lead Standard Plan IDより,20,-￥900,DIS_4,TRUE,2026/03/01,
,GM住販株式会社,,成約,Comdesk Lead IP・携帯回線プランより,20,-￥480,DIS_15,TRUE,2026/03/01,
,GM住販株式会社,,成約,携帯SMSオプションより,16,-￥200,DIS_16,TRUE,2026/03/01,
,株式会社bring,,成約,Comdesk Lead Standard Plan ID,15,"￥6,000",CL_ID_04,TRUE,2023/08/01,
,株式会社bring,,成約,Comdesk Lead IP回線プラン,8,￥980,CL_ID_06,TRUE,2024/05/01,
,株式会社bring,,成約,番号利用料0ABJ,5,￥500,IP_0ABJ,TRUE,2024/05/01,
,株式会社bring,,成約,チャネル利用料,8,"￥1,500",IP_Channel,TRUE,2024/05/01,
,株式会社bring,,成約,Comdesk Lead 携帯回線プラン,3,"￥7,980",CL_MP_01,TRUE,2025/08/01,
,株式会社bring,,成約,Comdesk Lead Standard Plan IDより,2,"-￥6,000",DIS_4,TRUE,2026/03/01,
,株式会社EliAle,,成約,Comdesk Lead Standard Plan ID,2,"￥6,000",CL_ID_04,TRUE,2023/08/01,
,株式会社EliAle,,成約,Comdesk Lead IP回線プラン,2,￥980,CL_ID_06,TRUE,2023/08/01,
,株式会社EliAle,,成約,番号利用料0ABJ,1,￥500,IP_0ABJ,TRUE,2023/08/01,
,株式会社EliAle,,成約,チャネル利用料,2,"￥1,500",IP_Channel,TRUE,2023/08/01,
,株式会社EliAle,,成約,Comdesk Lead Standard Plan IDより,2,"-￥1,500",DIS_4,TRUE,2026/03/01,
,株式会社Martial ACE Holdings,,成約,Comdesk Lead Standard Plan ID,1,"￥6,000",CL_ID_04,TRUE,2023/09/01,
,株式会社Martial ACE Holdings,,成約,Comdesk Lead IP回線プラン,1,￥980,CL_ID_06,TRUE,2023/09/01,
,株式会社Martial ACE Holdings,,成約,チャネル利用料,1,"￥1,500",IP_Channel,TRUE,2023/09/01,
,株式会社Martial ACE Holdings,,成約,ChatGPT連携オプション,1,"￥1,000",MP_OP_11,TRUE,2023/09/01,
,株式会社Martial ACE Holdings,,成約,チャネル利用料より,1,-￥500,DIS_19,TRUE,2026/03/01,
,株式会社Martial ACE Holdings,,成約,Comdesk Lead Standard Plan IDより,1,"-￥2,700",DIS_4,TRUE,2026/03/01,
,株式会社グッドフェローズ,,成約,Comdesk Lead CRM連携Plan ID,5,"￥4,000",CL_ID_03,TRUE,2023/10/01,
,株式会社グッドフェローズ,,成約,Comdesk Lead IP回線プラン,5,￥980,CL_ID_06,TRUE,2023/10/01,
,株式会社グッドフェローズ,,成約,番号利用料0ABJ,1,￥500,IP_0ABJ,TRUE,2023/10/01,
,株式会社グッドフェローズ,,成約,チャネル利用料,5,"￥1,500",IP_Channel,TRUE,2023/10/01,
,タイガー興産株式会社,,成約,チャネル利用料,6,"￥1,500",IP_Channel,TRUE,2024/01/01,
,タイガー興産株式会社,,成約,番号利用料0ABJ,6,￥500,IP_0ABJ,TRUE,2024/01/01,
,タイガー興産株式会社,,成約,Comdesk Lead IP・携帯回線プラン,11,"￥7,980",CL_IPMO_01,TRUE,2023/07/01,
,タイガー興産株式会社,,成約,Comdesk Lead IP回線プラン,5,￥980,CL_ID_06,TRUE,2024/03/01,
,タイガー興産株式会社,,成約,Comdesk Lead Standard Plan ID,16,"￥6,000",CL_ID_04,TRUE,2025/08/01,
,株式会社サイサンマーケティング,,成約,Comdesk Lead 携帯回線プラン,5,"￥7,980",CL_MP_01,TRUE,2023/03/01,
,株式会社サイサンマーケティング,,成約,貴社特別ディスカウント（月額）,5,"-￥3,980",DC_01,TRUE,2025/08/01,
,株式会社サイサンマーケティング,,成約,Comdesk Lead Standard Plan ID,5,"￥6,000",CL_ID_04,TRUE,2025/08/01,
,株式会社エコ・フォワードジャパン,,成約,Comdesk Lead Standard Plan ID,20,"￥6,000",CL_ID_04,TRUE,2024/01/01,
,株式会社エコ・フォワードジャパン,,成約,Comdesk Lead IP回線プラン,20,￥980,CL_ID_06,TRUE,2024/01/01,
,株式会社エコ・フォワードジャパン,,成約,番号利用料0ABJ,1,￥500,IP_0ABJ,TRUE,2024/01/01,
,株式会社エコ・フォワードジャパン,,成約,チャネル利用料,14,"￥1,500",IP_Channel,TRUE,2024/01/01,
,株式会社Human Resource Design,,成約,Comdesk Lead Standard Plan ID,6,"￥6,000",CL_ID_04,TRUE,2023/09/01,
,株式会社Human Resource Design,,成約,Comdesk Lead 携帯回線プラン,5,"￥7,980",CL_MP_01,TRUE,2023/09/01,
,株式会社Human Resource Design,,成約,Comdesk Lead IP回線プラン,1,￥980,CL_ID_06,TRUE,2024/01/01,
,株式会社Human Resource Design,,成約,チャネル利用料,4,"￥1,500",IP_Channel,TRUE,2024/01/01,
,株式会社Human Resource Design,,成約,番号利用料0ABJ,2,￥500,IP_0ABJ,TRUE,2024/01/01,
,株式会社ワイケイプラン,,成約,Comdesk Lead Standard Plan ID,3,"￥6,000",CL_ID_04,TRUE,2024/02/01,
,株式会社ワイケイプラン,,成約,番号利用料0ABJ,1,￥500,IP_0ABJ,TRUE,2024/02/01,
,株式会社ワイケイプラン,,成約,Comdesk Lead IP回線プラン,2,￥980,CL_ID_06,TRUE,2024/04/01,
,株式会社ワイケイプラン,,成約,チャネル利用料,3,"￥1,500",IP_Channel,TRUE,2025/02/01,
,株式会社ワイケイプラン,,成約,Comdesk Lead IP・携帯回線プラン,1,"￥7,980",CL_IPMO_01,TRUE,2025/08/01,
,株式会社リアテクス,,成約,Comdesk Lead CRM連携Plan ID,20,"￥4,000",CL_ID_03,TRUE,2024/04/01,
,株式会社リアテクス,,成約,Comdesk Lead IP回線プラン,20,￥980,CL_ID_06,TRUE,2024/04/01,
,株式会社リアテクス,,成約,番号利用料0ABJ,2,￥500,IP_0ABJ,TRUE,2024/04/01,
,株式会社リアテクス,,成約,チャネル利用料,19,"￥1,500",IP_Channel,TRUE,2024/04/01,
,株式会社リアテクス,,成約,番号利用料フリーダイヤル,2,"￥2,000",IP_FD,TRUE,2025/06/01,
,株式会社リアテクス,,成約,Comdesk Lead CRM連携Plan IDより,20,-￥200,DIS_7,TRUE,2026/03/01,
,株式会社リアテクス,,成約,チャネル利用料より,19,-￥300,DIS_19,TRUE,2026/03/01,
,株式会社GEED,,成約,Comdesk Lead Standard Plan ID,6,"￥6,000",CL_ID_04,TRUE,2026/03/01,
,株式会社GEED,,成約,Comdesk Lead 携帯回線プラン,6,"￥7,980",CL_MP_01,TRUE,2026/03/01,
,株式会社GEED,,成約,ChatGPT連携オプション,6,"￥1,000",MP_OP_11,TRUE,2026/03/01,
,株式会社井上模型製作所,,成約,Comdesk Lead Standard Plan ID,3,"￥6,000",CL_ID_04,TRUE,2024/04/01,
,株式会社井上模型製作所,,成約,Comdesk Lead IP回線プラン,3,￥980,CL_ID_06,TRUE,2024/04/01,
,株式会社井上模型製作所,,成約,番号利用料0ABJ,1,￥500,IP_0ABJ,TRUE,2024/04/01,
,株式会社井上模型製作所,,成約,チャネル利用料,4,"￥1,500",IP_Channel,TRUE,2024/04/01,
,日本企業サポート株式会社,,成約,Comdesk Lead Standard Plan ID,1,"￥6,000",CL_ID_04,TRUE,2024/10/01,
,日本企業サポート株式会社,,成約,Comdesk Lead IP回線プラン,1,￥980,CL_ID_06,TRUE,2024/10/01,
,日本企業サポート株式会社,,成約,チャネル利用料,1,"￥1,500",IP_Channel,TRUE,2024/10/01,
,日本企業サポート株式会社,,成約,番号利用料0ABJ,1,￥500,IP_0ABJ,TRUE,2024/10/01,
,FOUR EST株式会社,,成約,Comdesk Lead Standard Plan ID,20,"￥6,000",CL_ID_04,TRUE,2025/09/01,
,FOUR EST株式会社,,成約,Comdesk Lead 携帯回線プラン(端末持込),1,"￥2,980",CL_MP_02,TRUE,2025/09/01,
,FOUR EST株式会社,,成約,Comdesk Lead IP・携帯回線プラン,3,"￥7,980",CL_IPMO_01,TRUE,2025/09/01,
,FOUR EST株式会社,,成約,Comdesk Lead IP回線プラン,16,￥980,CL_ID_06,TRUE,2025/09/01,
,FOUR EST株式会社,,成約,番号利用料フリーダイヤル,3,"￥2,000",IP_FD,TRUE,2025/09/01,
,FOUR EST株式会社,,成約,チャネル利用料,19,"￥1,500",IP_Channel,TRUE,2025/09/01,
,FOUR EST株式会社,,成約,番号利用料0ABJ,2,￥500,IP_0ABJ,TRUE,2026/01/01,
,コインタックス株式会社,,成約,Comdesk Lead Standard Plan ID,1,"￥6,000",CL_ID_04,TRUE,2024/11/01,
,コインタックス株式会社,,成約,Comdesk Lead IP回線プラン,1,￥980,CL_ID_06,TRUE,2024/11/01,
,コインタックス株式会社,,成約,チャネル利用料,1,"￥1,500",IP_Channel,TRUE,2024/11/01,
,コインタックス株式会社,,成約,番号利用料0ABJ,1,￥500,IP_0ABJ,TRUE,2024/11/01,
,株式会社和田植木,,成約,Comdesk Lead Standard Plan ID,1,"￥6,000",CL_ID_04,TRUE,2024/11/01,
,株式会社和田植木,,成約,Comdesk Lead IP回線プラン,1,￥980,CL_ID_06,TRUE,2024/11/01,
,株式会社和田植木,,成約,番号利用料0ABJ,3,￥500,IP_0ABJ,TRUE,2024/11/01,
,株式会社和田植木,,成約,チャネル利用料,1,"￥1,500",IP_Channel,TRUE,2024/11/01,
,株式会社オカムラホーム,,成約,Comdesk Lead Standard Plan ID,2,"￥6,000",CL_ID_04,TRUE,2024/10/01,
,株式会社オカムラホーム,,成約,Comdesk Lead IP回線プラン,2,￥980,CL_ID_06,TRUE,2024/10/01,
,株式会社オカムラホーム,,成約,チャネル利用料,2,"￥1,500",IP_Channel,TRUE,2024/10/01,
,株式会社オカムラホーム,,成約,番号利用料0ABJ,1,￥500,IP_0ABJ,TRUE,2024/10/01,
,ThisRev Technologies株式会社,,成約,Comdesk Lead Standard Plan ID,6,"￥6,000",CL_ID_04,TRUE,2024/02/01,
,ThisRev Technologies株式会社,,成約,Comdesk Lead IP回線プラン,6,￥980,CL_ID_06,TRUE,2024/02/01,
,ThisRev Technologies株式会社,,成約,番号利用料0ABJ,101,￥500,IP_0ABJ,TRUE,2024/02/01,
,ThisRev Technologies株式会社,,成約,チャネル利用料,6,"￥1,500",IP_Channel,TRUE,2024/02/01,
,ThisRev Technologies株式会社,,成約,Comdesk Lead IP回線プランより,6,-￥180,DIS_10,TRUE,2026/03/01,
,ThisRev Technologies株式会社,,成約,Comdesk Lead Standard Plan IDより,6,-￥900,DIS_4,TRUE,2026/03/01,
,ThisRev Technologies株式会社,,成約,番号利用料0ABJより,101,-￥50,DIS_21,TRUE,2026/03/01,
,株式会社JWEBGATE,,成約,Comdesk Lead Standard Plan ID,1,"￥6,500",CL_ID_04,TRUE,2024/11/01,
,株式会社JWEBGATE,,成約,チャネル利用料,1,"￥1,500",IP_Channel,TRUE,2024/12/01,
,株式会社JWEBGATE,,成約,番号利用料0ABJ,1,￥500,IP_0ABJ,TRUE,2024/12/01,
,株式会社JWEBGATE,,成約,Comdesk Lead IP回線プラン,1,￥980,CL_ID_06,TRUE,2025/08/01,
,株式会社ExpreTech,,成約,Comdesk Lead Standard Plan ID,11,"￥6,000",CL_ID_04,TRUE,2025/02/01,
,株式会社ExpreTech,,成約,Comdesk Lead IP・携帯回線プラン,10,"￥7,980",CL_IPMO_01,TRUE,2025/02/01,
,株式会社ExpreTech,,成約,番号利用料0ABJ,2,￥500,IP_0ABJ,TRUE,2025/02/01,
,株式会社ExpreTech,,成約,チャネル利用料,6,"￥1,500",IP_Channel,TRUE,2025/02/01,
,株式会社ExpreTech,,成約,携帯SMSオプション,3,"￥1,000",MP_OP_01,TRUE,2025/02/01,
,株式会社青山メインランド,,成約,番号利用料0ABJ,2,￥500,IP_0ABJ,TRUE,2025/04/01,
,株式会社青山メインランド,,成約,番号利用料フリーダイヤル,2,"￥2,000",IP_FD,TRUE,2025/04/01,
,株式会社青山メインランド,,成約,チャネル利用料,4,"￥1,500",IP_Channel,TRUE,2025/04/01,
,株式会社青山メインランド,,成約,キャリア録音,121,￥200,CMP_OP_07,TRUE,2025/04/01,
,株式会社青山メインランド,,成約,Comdesk Lead Standard Plan ID,105,"￥6,000",CL_ID_04,TRUE,2025/04/01,
,株式会社青山メインランド,,成約,Comdesk Lead 携帯回線プラン(端末持込),105,"￥2,980",CL_MP_02,TRUE,2025/08/01,
,株式会社青山メインランド,,成約,Comdesk Lead Standard Plan IDより,105,"-￥1,980",DIS_4,TRUE,2026/03/01,
,株式会社青山メインランド,,成約,Comdesk Lead 管理者用IDより,3,"-￥6,000",DIS_5,TRUE,2026/03/01,
,株式会社青山メインランド,,成約,Comdesk Lead 管理者用ID,3,"￥6,000",CL_ID_10,TRUE,2026/03/01,
,株式会社RERISE,,成約,Comdesk Lead Standard Plan ID,3,"￥6,000",CL_ID_04,TRUE,2024/07/01,
,株式会社RERISE,,成約,Comdesk Lead IP回線プラン,3,￥980,CL_ID_06,TRUE,2024/07/01,
,株式会社RERISE,,成約,番号利用料0ABJ,3,￥500,IP_0ABJ,TRUE,2024/07/01,
,株式会社RERISE,,成約,チャネル利用料,4,"￥1,500",IP_Channel,TRUE,2024/07/01,
,株式会社H&K,,成約,Comdesk Lead Standard Plan ID,2,"￥6,000",CL_ID_04,TRUE,2025/05/01,
,株式会社H&K,,成約,Comdesk Lead IP・携帯回線プラン,1,"￥7,980",CL_IPMO_01,TRUE,2025/05/01,
,株式会社H&K,,成約,番号利用料0ABJ,1,￥500,IP_0ABJ,TRUE,2025/05/01,
,株式会社H&K,,成約,チャネル利用料,1,"￥1,500",IP_Channel,TRUE,2025/05/01,
,株式会社H&K,,成約,Comdesk Lead IP回線プラン,1,￥980,CL_ID_06,TRUE,2025/10/01,
,株式会社REIT,,成約,Comdesk Lead Standard Plan ID,1,"￥6,000",CL_ID_04,TRUE,2025/07/01,
,株式会社REIT,,成約,Comdesk Lead 携帯回線プラン,1,"￥7,980",CL_MP_01,TRUE,2025/07/01,
,株式会社REIT,,成約,番号利用料0ABJ,1,￥500,IP_0ABJ,TRUE,2025/07/01,
,株式会社REIT,,成約,番号利用料フリーダイヤル,6,"￥2,000",IP_FD,TRUE,2025/07/01,
,株式会社REIT,,成約,チャネル利用料,7,"￥1,500",IP_Channel,TRUE,2025/07/01,
,株式会社ビーシステム,,成約,Comdesk Lead Standard Plan ID,8,"￥6,000",CL_ID_04,TRUE,2025/09/01,
,株式会社ビーシステム,,成約,Comdesk Lead IP回線プラン,7,￥980,CL_ID_06,TRUE,2025/09/01,
,株式会社ビーシステム,,成約,チャネル利用料,9,"￥1,500",IP_Channel,TRUE,2025/09/01,
,株式会社ビーシステム,,成約,番号利用料0ABJ,1,￥500,IP_0ABJ,TRUE,2025/09/01,
,株式会社ビーシステム,,成約,番号利用料フリーダイヤル,1,"￥2,000",IP_FD,TRUE,2025/09/01,
,株式会社ビーシステム,,成約,ChatGPT連携オプション,7,"￥1,000",MP_OP_11,TRUE,2025/09/01,
,株式会社EMMA,,成約,Comdesk Lead Standard Plan ID,9,"￥6,000",CL_ID_04,TRUE,2024/02/01,
,株式会社EMMA,,成約,Comdesk Lead IP回線プラン,9,￥980,CL_ID_06,TRUE,2024/02/01,
,株式会社EMMA,,成約,チャネル利用料,16,"￥1,500",IP_Channel,TRUE,2024/02/01,
,株式会社EMMA,,成約,番号利用料0ABJ,5,￥500,IP_0ABJ,TRUE,2024/02/01,
,株式会社EMMA,,成約,ChatGPT連携オプション,9,"￥1,000",MP_OP_11,TRUE,2024/03/01,
,株式会社EMMA,,成約,ChatGPT連携オプションより,9,"-￥1,000",DIS_20,TRUE,2026/03/01,
,株式会社エドワン,,成約,Comdesk Lead Standard Plan ID,9,"￥6,000",CL_ID_04,TRUE,2025/08/01,
,株式会社エドワン,,成約,Comdesk Lead IP回線プラン,5,￥980,CL_ID_06,TRUE,2025/08/01,
,株式会社エドワン,,成約,Comdesk Lead 携帯回線プラン,4,"￥7,980",CL_MP_01,TRUE,2025/08/01,
,株式会社エドワン,,成約,番号利用料0ABJ,1,￥500,IP_0ABJ,TRUE,2025/08/01,
,株式会社エドワン,,成約,チャネル利用料,5,"￥1,500",IP_Channel,TRUE,2025/08/01,
,ギバーテイクオール株式会社,,成約,Comdesk Lead Standard Plan ID,3,"￥6,000",CL_ID_04,TRUE,2025/11/01,
,ギバーテイクオール株式会社,,成約,Comdesk Lead 携帯回線プラン,2,"￥7,980",CL_MP_01,TRUE,2025/11/01,
,ギバーテイクオール株式会社,,成約,チャネル利用料,1,"￥1,500",IP_Channel,TRUE,2025/11/01,
,ギバーテイクオール株式会社,,成約,番号利用料フリーダイヤル,1,"￥2,000",IP_FD,TRUE,2025/11/01,
,株式会社NineLife,,成約,Comdesk Lead Standard Plan ID,4,"￥6,000",CL_ID_04,TRUE,2025/12/01,
,株式会社NineLife,,成約,Comdesk Lead IP回線プラン,4,￥980,CL_ID_06,TRUE,2025/12/01,
,株式会社NineLife,,成約,番号利用料0ABJ,5,￥500,IP_0ABJ,TRUE,2025/12/01,
,株式会社NineLife,,成約,チャネル利用料,14,"￥1,500",IP_Channel,TRUE,2025/12/01,
,株式会社エデュコ,,成約,Comdesk Lead Standard Plan ID,2,"￥6,000",CL_ID_04,TRUE,2025/10/01,
,株式会社エデュコ,,成約,Comdesk Lead IP回線プラン,2,￥980,CL_ID_06,TRUE,2025/10/01,
,株式会社エデュコ,,成約,チャネル利用料,2,"￥1,500",IP_Channel,TRUE,2025/10/01,
,株式会社エデュコ,,成約,番号利用料0ABJ,1,￥500,IP_0ABJ,TRUE,2025/10/01,
,株式会社エデュコ,,成約,Comdesk Lead Standard Plan IDより,2,"-￥2,000",DIS_4,TRUE,2026/03/01,
,株式会社游藝舎,,成約,Comdesk Lead Standard Plan ID,8,"￥6,000",CL_ID_04,TRUE,2024/10/01,
,株式会社游藝舎,,成約,Comdesk Lead 携帯回線プラン,7,"￥7,980",CL_MP_01,TRUE,2025/08/01,
,株式会社游藝舎,,成約,Comdesk Lead IP回線プラン,1,￥980,CL_ID_06,TRUE,2025/10/01,
,株式会社游藝舎,,成約,番号利用料0ABJ,1,￥500,IP_0ABJ,TRUE,2025/10/01,
,株式会社游藝舎,,成約,チャネル利用料,1,"￥1,500",IP_Channel,TRUE,2025/10/01,
,株式会社クロエル,,成約,Comdesk Lead IP・携帯回線プラン,12,"￥7,980",CL_IPMO_01,TRUE,2025/08/01,
,株式会社クロエル,,成約,番号利用料0ABJ,3,￥500,IP_0ABJ,TRUE,2025/08/01,
,株式会社クロエル,,成約,チャネル利用料,3,"￥2,000",IP_Channel,TRUE,2025/08/01,
,株式会社クロエル,,成約,Comdesk Lead Standard Plan ID,12,"￥6,000",CL_ID_04,TRUE,2025/08/01,
,ファモンド株式会社,,成約,Comdesk Lead Standard Plan ID,1,"￥6,000",CL_ID_04,TRUE,2024/01/01,
,ファモンド株式会社,,成約,Comdesk Lead 携帯回線プラン,1,"￥7,980",CL_MP_01,TRUE,2024/01/01,
,株式会社KIREI produce,,成約,Comdesk Lead CRM連携Plan ID,3,"￥4,000",CL_ID_03,TRUE,2024/08/01,
,株式会社KIREI produce,,成約,Comdesk Lead 携帯回線プラン,3,"￥7,980",CL_MP_01,TRUE,2024/08/01,
,株式会社Fibonacci,,成約,Comdesk Lead Standard Plan ID,4,"￥10,000",CL_ID_04,TRUE,2025/08/01,
,株式会社Fibonacci,,成約,貴社特別ディスカウント（月額）,1,"-￥40,000",DC_01,TRUE,2025/08/01,
,株式会社Fibonacci,,成約,スマートフォン利用料(Android),6,"￥2,000",MP_01,TRUE,2025/08/01,
,株式会社ネオキャリア,,成約,Comdesk Lead Standard Plan ID,27,"￥6,000",CL_ID_04,TRUE,2025/04/01,
,株式会社ネオキャリア,,成約,Comdesk Lead IP・携帯回線プラン,24,"￥7,980",CL_IPMO_01,TRUE,2025/04/01,
,株式会社ネオキャリア,,成約,番号利用料0ABJ,1,￥500,IP_0ABJ,TRUE,2025/04/01,
,株式会社ネオキャリア,,成約,チャネル利用料,6,"￥1,500",IP_Channel,TRUE,2025/04/01,
,サンクライフ株式会社,,成約,Comdesk Lead Standard Plan ID,3,"￥6,000",CL_ID_04,TRUE,2026/02/01,
,サンクライフ株式会社,,成約,Comdesk Lead 携帯回線プラン,3,"￥7,980",CL_MP_01,TRUE,2026/02/01,
,株式会社フィールドリンク,,成約,Comdesk Lead Standard Plan ID,29,"￥6,000",CL_ID_04,TRUE,2026/02/01,
,株式会社フィールドリンク,,成約,Comdesk Lead 携帯回線プラン,18,"￥7,980",CL_MP_01,TRUE,2026/02/01,
,株式会社Emooove,,成約,Comdesk Lead Standard Plan ID,3,"￥6,000",CL_ID_04,TRUE,2026/02/01,
,株式会社Emooove,,成約,Comdesk Lead 携帯回線プラン,3,"￥7,980",CL_MP_01,TRUE,2026/02/01,
,株式会社ACN経営研究所,,成約,Comdesk Lead Standard Plan ID,5,"￥6,000",CL_ID_04,TRUE,2026/01/01,
,株式会社ACN経営研究所,,成約,Comdesk Lead 携帯回線プラン,5,"￥7,980",CL_MP_01,TRUE,2026/01/01,
,ワイズ株式会社,,成約,Comdesk Lead Standard Plan ID,16,"￥6,000",CL_ID_04,TRUE,2026/01/01,
,ワイズ株式会社,,成約,Comdesk Lead IP・携帯回線プラン,14,"￥7,980",CL_IPMO_01,TRUE,2026/01/01,
,ワイズ株式会社,,成約,番号利用料0ABJ,1,￥500,IP_0ABJ,TRUE,2026/01/01,
,ワイズ株式会社,,成約,チャネル利用料,1,"￥1,500",IP_Channel,TRUE,2026/01/01,
,つなぐ株式会社,,成約,Comdesk Lead Standard Plan ID,15,"￥6,000",CL_ID_04,TRUE,2026/01/01,
,つなぐ株式会社,,成約,Comdesk Lead 携帯回線プラン,15,"￥7,980",CL_MP_01,TRUE,2026/01/01,
,NYC株式会社,,成約,Comdesk Lead Standard Plan ID,4,"￥6,000",CL_ID_04,TRUE,2026/01/01,
,NYC株式会社,,成約,Comdesk Lead 携帯回線プラン,3,"￥7,980",CL_MP_01,TRUE,2026/02/01,
,Propally株式会社,,成約,Comdesk Lead Standard Plan ID,2,"￥6,000",CL_ID_04,TRUE,2025/12/01,
,Propally株式会社,,成約,Comdesk Lead 携帯回線プラン,2,"￥7,980",CL_MP_01,TRUE,2025/12/01,
,株式会社ICHIE,,成約,Comdesk Lead Standard Plan ID,6,"￥6,000",CL_ID_04,TRUE,2023/12/01,
,株式会社ICHIE,,成約,Comdesk Lead 携帯回線プラン,5,"￥7,980",CL_MP_01,TRUE,2023/12/01,
,株式会社ジョブウェーブ,,成約,Comdesk Lead Standard Plan ID,20,"￥6,000",CL_ID_04,TRUE,2025/11/01,
,株式会社ジョブウェーブ,,成約,Comdesk Lead 携帯回線プラン,20,"￥7,980",CL_MP_01,TRUE,2025/11/01,
,株式会社ジョブウェーブ,,成約,Comdesk Lead Standard Plan IDより,20,"-￥5,980",DIS_4,TRUE,2026/03/01,
,株式会社AdventureConnect,,成約,Comdesk Lead Standard Plan ID,10,"￥6,000",CL_ID_04,TRUE,2025/11/01,
,株式会社AdventureConnect,,成約,Comdesk Lead 携帯回線プラン,10,"￥7,980",CL_MP_01,TRUE,2025/11/01,
,株式会社サインド,,成約,Comdesk Lead Standard Plan ID,14,"￥6,000",CL_ID_04,TRUE,2024/06/01,
,株式会社サインド,,成約,Comdesk Lead 携帯回線プラン,14,"￥7,980",CL_MP_01,TRUE,2024/06/01,
,株式会社サインド,,成約,ChatGPT連携オプション,17,"￥1,000",MP_OP_11,TRUE,2024/07/01,
,株式会社サインド,,成約,Webhook利用料,1,"￥30,000",OP_06,TRUE,2025/08/01,
,株式会社サインド,,成約,Comdesk Lead 管理者用IDより,3,"-￥6,000",DIS_5,TRUE,2026/03/01,
,株式会社サインド,,成約,Comdesk Lead 管理者用ID,3,"￥6,000",CL_ID_10,TRUE,2026/03/01,
,株式会社サインド,,成約,ChatGPT連携オプションより,17,"-￥1,000",DIS_20,TRUE,2026/03/01,
,株式会社サインド,,成約,Webhook利用料より,1,"-￥30,000",DIS_23,TRUE,2026/03/01,
,ワールドリンク株式会社,,成約,Comdesk Lead Standard Plan ID,2,"￥6,000",CL_ID_04,TRUE,2025/11/01,
,ワールドリンク株式会社,,成約,Comdesk Lead 携帯回線プラン,2,"￥7,980",CL_MP_01,TRUE,2025/11/01,
,ワールドリンク株式会社,,成約,ChatGPT連携オプション,2,"￥1,000",MP_OP_11,TRUE,2025/11/01,
,株式会社西荻,,成約,Comdesk Lead Standard Plan ID,2,"￥6,000",CL_ID_04,TRUE,2025/09/01,
,株式会社西荻,,成約,Comdesk Lead IP・携帯回線プラン,1,"￥7,980",CL_IPMO_01,TRUE,2025/09/01,
,株式会社西荻,,成約,番号利用料0ABJ,1,￥500,IP_0ABJ,TRUE,2025/09/01,
,株式会社西荻,,成約,チャネル利用料,2,"￥1,500",IP_Channel,TRUE,2025/09/01,
,株式会社西荻,,成約,ChatGPT連携オプション,2,"￥1,000",MP_OP_11,TRUE,2025/09/01,
,株式会社西荻,,成約,Comdesk Lead IP回線プラン,1,￥980,CL_ID_06,TRUE,2025/10/01,
,弁護士法人東京新橋法律事務所,,成約,キャッシュバックキャンペーン適用分,5,"￥6,000",DIS_11,TRUE,,
,株式会社ECS Corporation,,成約,Comdesk Lead Standard Plan ID,11,"￥6,000",CL_ID_04,TRUE,2025/09/01,
,株式会社ECS Corporation,,成約,Comdesk Lead 携帯回線プラン,10,"￥7,980",CL_MP_01,TRUE,2025/09/01,
,株式会社WeBridge,,成約,Comdesk Lead Standard Plan ID,98,"￥6,000",CL_ID_04,TRUE,2025/04/01,
,株式会社WeBridge,,成約,Comdesk Lead IP・携帯回線プラン,98,"￥7,980",CL_IPMO_01,TRUE,2025/04/01,
,株式会社WeBridge,,成約,番号利用料0ABJ,3,￥500,IP_0ABJ,TRUE,2025/11/01,
,株式会社WeBridge,,成約,貴社特別ディスカウント（月額）,3,"-￥4,000",DC_01,TRUE,2026/01/01,
,株式会社WeBridge,,成約,Comdesk Lead Standard Plan IDより,98,"-￥2,000",DIS_4,TRUE,2026/03/01,
,株式会社WeBridge,,成約,Comdesk Lead IP・携帯回線プランより,98,"-￥1,980",DIS_15,TRUE,2026/03/01,
,株式会社WeBridge,,成約,Comdesk Lead ID セット,3,"￥6,000",CTI_SP01,TRUE,2026/03/01,
,株式会社ランバード,,成約,Comdesk Lead Standard Plan ID,25,"￥6,000",CL_ID_04,TRUE,2025/04/01,
,株式会社ランバード,,成約,Comdesk Lead 携帯回線プラン,23,"￥7,980",CL_MP_01,TRUE,2025/04/01,
,株式会社クルイト,,成約,Comdesk Lead Standard Plan ID,14,"￥6,000",CL_ID_04,TRUE,2024/12/01,
,株式会社クルイト,,成約,Comdesk Lead 携帯回線プラン,14,"￥7,980",CL_MP_01,TRUE,2024/12/01,
,株式会社クルイト,,成約,Comdesk Lead Standard Plan IDより,14,"-￥1,500",DIS_4,TRUE,2026/03/01,
,トラストリンク株式会社,,成約,Comdesk Lead Standard Plan ID,12,"￥6,000",CL_ID_04,TRUE,2025/11/01,
,トラストリンク株式会社,,成約,Comdesk Lead 携帯回線プラン,12,"￥7,980",CL_MP_01,TRUE,2025/11/01,
,トラストリンク株式会社,,成約,携帯SMSオプション,2,"￥1,000",MP_OP_01,TRUE,2025/12/01,
,トラストリンク株式会社,,成約,Comdesk Lead Standard Plan IDより,12,"-￥1,980",DIS_4,TRUE,2026/03/01,
,アイデックス株式会社,,成約,Comdesk Lead Standard Plan ID,5,"￥6,000",CL_ID_04,TRUE,2025/10/01,
,アイデックス株式会社,,成約,Comdesk Lead IP・携帯回線プラン,3,"￥7,980",CL_IPMO_01,TRUE,2025/10/01,
,アイデックス株式会社,,成約,Comdesk Lead IP回線プラン,2,￥980,CL_ID_06,TRUE,2025/10/01,
,アイデックス株式会社,,成約,番号利用料0ABJ,1,￥500,IP_0ABJ,TRUE,2025/10/01,
,アイデックス株式会社,,成約,チャネル利用料,2,"￥1,500",IP_Channel,TRUE,2025/10/01,
,アイデックス株式会社,,成約,ChatGPT連携オプション,5,"￥1,000",MP_OP_11,TRUE,2025/10/01,
,株式会社LiNKS,,成約,Comdesk Lead Standard Plan ID,9,"￥6,000",CL_ID_04,TRUE,2025/08/01,
,株式会社LiNKS,,成約,Comdesk Lead IP・携帯回線プラン,9,"￥7,980",CL_IPMO_01,TRUE,2025/08/01,
,株式会社LiNKS,,成約,番号利用料フリーダイヤル,2,"￥2,000",IP_FD,TRUE,2025/08/01,
,株式会社LiNKS,,成約,チャネル利用料,2,"￥1,500",IP_Channel,TRUE,2025/08/01,
,株式会社トキノワ不動産,,成約,Comdesk Lead Standard Plan ID,9,"￥6,000",CL_ID_04,TRUE,2025/09/01,
,株式会社トキノワ不動産,,成約,Comdesk Lead 携帯回線プラン,9,"￥7,980",CL_MP_01,TRUE,2025/09/01,
,株式会社トキノワ不動産,,成約,ChatGPT連携オプション,9,"￥1,000",MP_OP_11,TRUE,2025/09/01,
,株式会社アイフラッグ,,成約,Comdesk Lead Standard Plan ID,15,"￥6,000",CL_ID_04,TRUE,2025/08/01,
,株式会社アイフラッグ,,成約,Comdesk Lead 携帯回線プラン,15,"￥7,980",CL_MP_01,TRUE,2025/08/01,
,株式会社アイフラッグ,,成約,ChatGPT連携オプション,15,"￥1,000",MP_OP_11,TRUE,2025/08/01,
,株式会社ダイニー,,成約,Comdesk Lead Standard Plan ID,8,"￥6,000",CL_ID_04,TRUE,2025/07/01,
,株式会社ダイニー,,成約,Comdesk Lead 携帯回線プラン,8,"￥7,980",CL_MP_01,TRUE,2025/07/01,
,株式会社エフアンドエム,,成約,Comdesk Lead Standard Plan ID,8,"￥6,000",CL_ID_04,TRUE,2023/06/01,
,株式会社エフアンドエム,,成約,Comdesk Lead 携帯回線プラン,3,"￥7,980",CL_MP_01,TRUE,2024/01/01,
,株式会社エフアンドエム,,成約,録音サーバー（月額保守費用）,1,"￥150,000",youwire_02,TRUE,2024/12/01,
,株式会社エフアンドエム,,成約,携帯SMSオプション,2,"￥1,000",MP_OP_01,TRUE,2025/05/01,
,株式会社エフアンドエム,,成約,MDM ID利用料,5,￥400,OP_11,TRUE,2025/07/01,
,株式会社エフアンドエム,,成約,MDM利用料,1,"￥2,100",OP_9,TRUE,2025/07/01,
,株式会社STカンパニー,,成約,Comdesk Lead Standard Plan ID,9,"￥10,000",CL_ID_04,TRUE,2025/08/01,
,株式会社STカンパニー,,成約,スマートフォン利用料(Android),9,"￥4,000",MP_01,TRUE,2025/08/01,
,株式会社エムコム,,成約,Comdesk Lead Standard Plan ID,15,"￥6,500",CL_ID_04,TRUE,2024/08/01,
,株式会社エムコム,,成約,Comdesk Lead 携帯回線プラン,15,"￥7,980",CL_MP_01,TRUE,2024/08/01,
,株式会社C3,,成約,Comdesk Lead Standard Plan ID,4,"￥6,000",CL_ID_04,TRUE,2024/09/01,
,株式会社C3,,成約,Comdesk Lead 携帯回線プラン,4,"￥7,980",CL_MP_01,TRUE,2024/09/01,
,株式会社C3,,成約,携帯SMSオプション,4,"￥1,000",MP_OP_01,TRUE,2024/09/01,
,住宅ローン診断カンパニー株式会社,,成約,Comdesk Lead CRM連携Plan ID,9,"￥4,000",CL_ID_03,TRUE,2024/07/01,
,住宅ローン診断カンパニー株式会社,,成約,Comdesk Lead 携帯回線プラン,7,"￥7,980",CL_MP_01,TRUE,2025/08/01,
,株式会社MONOLITH,,成約,スマートフォン利用料(Android),20,"￥4,000",MP_01,TRUE,2024/09/01,
,合同会社JOINTRUST,,成約,Comdesk Lead 携帯回線プラン,10,"￥7,980",CL_MP_01,TRUE,2023/04/01,
,合同会社JOINTRUST,,成約,SMSオプション基本料,9,"￥1,000",SMS_01,TRUE,2023/04/01,
,合同会社JOINTRUST,,成約,Comdesk Lead Standard Plan ID,10,"￥6,000",CL_ID_04,TRUE,2025/08/01,
,合同会社JOINTRUST,,成約,携帯SMSオプションより,9,-￥500,DIS_16,TRUE,2026/03/01,
,オークスモビリティ株式会社(旧：SOMPOオークス株式会社),,成約,Comdesk Lead CRM連携Plan ID,27,"￥4,000",CL_ID_03,TRUE,2025/02/01,
,オークスモビリティ株式会社(旧：SOMPOオークス株式会社),,成約,Comdesk Lead IP・携帯回線プラン,27,"￥7,980",CL_IPMO_01,TRUE,2025/02/01,
,オークスモビリティ株式会社(旧：SOMPOオークス株式会社),,成約,チャネル利用料,22,"￥1,500",IP_Channel,TRUE,,
,オークスモビリティ株式会社(旧：SOMPOオークス株式会社),,成約,番号利用料0ABJ,2,￥500,IP_0ABJ,TRUE,,
,株式会社NRC,,成約,Comdesk Lead Standard Plan ID,26,"￥6,000",CL_ID_04,TRUE,2024/01/01,
,株式会社NRC,,成約,Comdesk Lead 携帯回線プラン,26,"￥7,980",CL_MP_01,TRUE,2024/01/01,
,株式会社NRC,,成約,携帯SMSオプション,15,"￥1,000",MP_OP_01,TRUE,2024/01/01,
,大和インフィリンク株式会社,,成約,チャネル利用料,25,"￥1,500",IP_Channel,TRUE,2024/01/01,
,大和インフィリンク株式会社,,成約,番号利用料フリーダイヤル,2,"￥2,000",IP_FD,TRUE,2024/01/01,
,大和インフィリンク株式会社,,成約,Comdesk Lead 携帯回線プラン,48,"￥7,980",CL_MP_01,TRUE,2024/05/01,
,大和インフィリンク株式会社,,成約,携帯SMSオプション,47,"￥1,000",MP_OP_01,TRUE,2024/05/01,
,大和インフィリンク株式会社,,成約,番号利用料0ABJ,1,￥500,IP_0ABJ,TRUE,2024/05/01,
,大和インフィリンク株式会社,,成約,Comdesk Lead IP回線プラン,23,￥980,CL_ID_06,TRUE,2025/04/01,
,大和インフィリンク株式会社,,成約,MDM利用料,1,"￥2,100",OP_9,TRUE,2025/05/01,
,大和インフィリンク株式会社,,成約,MDM ID利用料,11,￥400,OP_11,TRUE,2025/05/01,
,大和インフィリンク株式会社,,成約,携帯オプション_法人基本パック,48,￥475,MO_OP_04,TRUE,2025/08/01,
,大和インフィリンク株式会社,,成約,Comdesk Lead Standard Plan ID,69,"￥6,000",CL_ID_04,TRUE,2025/08/01,
,大和インフィリンク株式会社,,成約,携帯オプション_法人基本パックより,48,-￥475,DIS_17,TRUE,2026/03/01,
,大和インフィリンク株式会社,,成約,携帯SMSオプションより,47,"-￥1,000",DIS_16,TRUE,2026/03/01,
,大和インフィリンク株式会社,,成約,Comdesk Lead 携帯回線プランより,48,"-￥5,980",DIS_8,TRUE,2026/03/01,
,株式会社インデンコンサルティング,,成約,Comdesk Lead 携帯回線プラン,12,"￥7,980",CL_MP_01,TRUE,2023/10/01,
,株式会社インデンコンサルティング,,成約,Comdesk Lead Standard Plan ID,12,"￥6,000",CL_ID_04,TRUE,2023/10/01,
,株式会社アップルハウス,,成約,Comdesk Lead Standard Plan ID,10,"￥6,000",CL_ID_04,TRUE,2023/08/01,
,株式会社アップルハウス,,成約,Comdesk Lead 携帯回線プラン,9,"￥7,980",CL_MP_01,TRUE,2023/08/01,
,株式会社アップルハウス,,成約,ChatGPT連携オプション,9,"￥1,000",MP_OP_11,TRUE,2023/08/01,
,株式会社アップルハウス,,成約,ChatGPT連携オプションより,9,"-￥1,000",DIS_20,TRUE,2026/03/01,
,株式会社大和不動産,,成約,Comdesk Lead IP・携帯回線プラン,24,"￥7,980",CL_IPMO_01,TRUE,2023/07/01,
,株式会社大和不動産,,成約,チャネル利用料,16,"￥1,500",IP_Channel,TRUE,2023/07/01,
,株式会社大和不動産,,成約,番号利用料フリーダイヤル,1,"￥2,000",IP_FD,TRUE,2023/07/01,
,株式会社大和不動産,,成約,IP電話料金_Pack 50000,1,"￥50,000",IP_Pack50000,TRUE,2023/07/01,
,株式会社大和不動産,,成約,IP電話料金_Pack 20000,1,"￥20,000",IP_Pack20000,TRUE,2023/07/01,
,株式会社大和不動産,,成約,Comdesk Lead Standard Plan ID,24,"￥6,000",CL_ID_04,TRUE,2025/08/01,
,Comgrast株式会社,,成約,Comdesk Lead 携帯回線プラン,4,"￥7,980",CL_MP_01,TRUE,2023/07/01,
,Comgrast株式会社,,成約,Comdesk Lead Standard Plan ID,4,"￥6,000",CL_ID_04,TRUE,2025/08/01,
,ドリミット株式会社,,成約,Comdesk Lead 携帯回線プラン,9,"￥7,980",CL_MP_01,TRUE,2023/05/01,
,ドリミット株式会社,,成約,Comdesk Lead Standard Plan ID,9,"￥6,000",CL_ID_04,TRUE,2025/08/01,
,株式会社セグロス,,成約,Comdesk Lead 携帯回線プラン,74,"￥7,980",CL_MP_01,TRUE,2023/03/01,
,株式会社セグロス,,成約,Comdesk Lead Standard Plan ID,74,"￥6,000",CL_ID_04,TRUE,2025/08/01,
,AIYES不動産株式会社,,成約,Comdesk Lead 携帯回線プラン,15,"￥7,980",CL_MP_01,TRUE,2025/08/01,
,AIYES不動産株式会社,,成約,Comdesk Lead Standard Plan ID,15,"￥6,000",CL_ID_04,TRUE,2025/08/01,
,株式会社トレスト東京,,成約,Comdesk Lead 携帯回線プラン,10,"￥7,980",CL_MP_01,TRUE,2023/03/01,
,株式会社トレスト東京,,成約,Comdesk Lead Standard Plan ID,11,"￥6,000",CL_ID_04,TRUE,2025/08/01,
,株式会社シークパートナーズ,,成約,携帯オプション_法人基本パック,4,￥522,MO_OP_04,TRUE,2023/01/01,
,株式会社シークパートナーズ,,成約,Comdesk Lead Standard Plan ID,6,"￥10,000",CL_ID_04,TRUE,2025/08/01,
,株式会社シークパートナーズ,,成約,スマートフォン利用料(Android),4,"￥4,000",MP_01,TRUE,2025/08/01,
,株式会社レイシャス,,成約,Comdesk Lead 携帯回線プラン(端末持込),3,"￥3,980",CL_MP_02,TRUE,2025/08/01,
,株式会社レイシャス,,成約,Comdesk Lead Standard Plan ID,3,"￥6,000",CL_ID_04,TRUE,2025/08/01,
,株式会社レイシャス,,成約,Comdesk Lead Standard Plan IDより,3,"-￥2,980",DIS_4,TRUE,2026/03/01,
,株式会社GAYA不動産,,成約,Comdesk Lead Standard Plan ID,8,"￥6,000",CL_ID_04,TRUE,2025/12/01,
,株式会社GAYA不動産,,成約,Comdesk Lead IP・携帯回線プラン,5,"￥7,980",CL_IPMO_01,TRUE,2025/12/01,
,株式会社GAYA不動産,,成約,Comdesk Lead IP回線プラン,3,￥980,CL_ID_06,TRUE,2025/12/01,
,株式会社GAYA不動産,,成約,番号利用料0ABJ,1,￥500,IP_0ABJ,TRUE,2025/12/01,
,株式会社GAYA不動産,,成約,チャネル利用料,6,"￥1,500",IP_Channel,TRUE,2025/12/01,
,NowYouSee株式会社,,成約,Comdesk Lead CRM連携Plan ID,4,"￥4,000",CL_ID_03,TRUE,2025/03/01,
,NowYouSee株式会社,,成約,Comdesk Lead 携帯回線プラン,4,"￥7,980",CL_MP_01,TRUE,2025/03/01,
,NowYouSee株式会社,,成約,貴社特別ディスカウント（月額）,4,"-￥6,000",DC_01,TRUE,2025/03/01,
,株式会社FireWorks,,成約,Comdesk Lead Standard Plan ID,2,"￥6,000",CL_ID_04,TRUE,2026/01/01,
,株式会社FireWorks,,成約,Comdesk Lead IP・携帯回線プラン,2,"￥7,980",CL_IPMO_01,TRUE,2026/01/01,
,株式会社FireWorks,,成約,携帯SMSオプション,2,"￥1,000",MP_OP_01,TRUE,2026/01/01,
,株式会社DAYS,,成約,Comdesk Lead Standard Plan ID,9,"￥6,000",CL_ID_04,TRUE,2024/05/01,
,株式会社DAYS,,成約,Comdesk Lead 携帯回線プラン,8,"￥7,980",CL_MP_01,TRUE,2024/05/01,
,株式会社リビアス,,成約,Comdesk Lead Standard Plan ID,5,"￥6,000",CL_ID_04,TRUE,2024/11/01,
,株式会社リビアス,,成約,Comdesk Lead IP回線プラン,5,￥980,CL_ID_06,TRUE,2024/11/01,
,株式会社リビアス,,成約,チャネル利用料,5,"￥1,500",IP_Channel,TRUE,2024/11/01,
,株式会社リビアス,,成約,番号利用料フリーダイヤル,1,"￥2,000",IP_FD,TRUE,2025/08/01,
,ちゃちゃまる不動産DX株式会社,,成約,Comdesk Lead 携帯回線プラン,8,"￥7,980",CL_MP_01,TRUE,2023/07/01,
,ちゃちゃまる不動産DX株式会社,,成約,携帯SMSオプション,8,"￥1,000",MP_OP_01,TRUE,2023/09/01,
,ちゃちゃまる不動産DX株式会社,,成約,Comdesk Lead Standard Plan ID,8,"￥6,000",CL_ID_04,TRUE,2025/08/01,
,株式会社TONAKAI,,成約,Comdesk Lead Standard Plan ID,7,"￥6,000",CL_ID_04,TRUE,2025/04/01,
,株式会社TONAKAI,,成約,Comdesk Lead 携帯回線プラン,7,"￥7,980",CL_MP_01,TRUE,2025/08/01,
,株式会社アップリンクス,,成約,Comdesk Lead Standard Plan ID,5,"￥6,000",CL_ID_04,TRUE,2025/07/01,
,株式会社アップリンクス,,成約,Comdesk Lead 携帯回線プラン,5,"￥7,980",CL_MP_01,TRUE,2025/07/01,
,株式会社Eiff,,成約,チャネル利用料,1,"￥1,500",IP_Channel,TRUE,2025/08/01,
,株式会社Eiff,,成約,番号利用料フリーダイヤル,1,"￥2,000",IP_FD,TRUE,2025/08/01,
,株式会社Eiff,,成約,Comdesk Lead 携帯回線プラン,35,"￥7,980",CL_MP_01,TRUE,2025/08/01,
,株式会社Eiff,,成約,Comdesk Lead Standard Plan ID,36,"￥6,000",CL_ID_04,TRUE,2025/08/01,
,HARUYAMA株式会社,,成約,携帯オプション_割り込み通話,2,￥200,MO_OP_01,TRUE,2023/01/01,
,HARUYAMA株式会社,,成約,Comdesk Lead Standard Plan ID,4,"￥10,000",CL_ID_04,TRUE,2025/08/01,
,HARUYAMA株式会社,,成約,スマートフォン利用料(Android),3,"￥4,000",MP_01,TRUE,2025/08/01,
,株式会社キノシタ林業,,成約,Comdesk Lead CRM連携Plan ID,9,"￥4,000",CL_ID_03,TRUE,2024/04/01,
,株式会社キノシタ林業,,成約,番号利用料0ABJ,1,￥500,IP_0ABJ,TRUE,2024/04/01,
,株式会社キノシタ林業,,成約,チャネル利用料,1,"￥1,500",IP_Channel,TRUE,2024/04/01,
,株式会社キノシタ林業,,成約,Comdesk Lead IP・携帯回線プラン,9,"￥7,980",CL_IPMO_01,TRUE,2025/08/01,
,株式会社DivWork,,成約,Comdesk Lead Standard Plan ID,5,"￥6,000",CL_ID_04,TRUE,2024/04/01,
,株式会社DivWork,,成約,Comdesk Lead IP回線プラン,5,￥980,CL_ID_06,TRUE,2024/04/01,
,株式会社DivWork,,成約,番号利用料0ABJ,2,￥500,IP_0ABJ,TRUE,2024/04/01,
,株式会社DivWork,,成約,チャネル利用料,5,"￥1,500",IP_Channel,TRUE,2024/04/01,
,株式会社プレミアムライフ,,成約,携帯オプション_割り込み通話,2,￥200,MO_OP_01,TRUE,2023/01/01,
,株式会社プレミアムライフ,,成約,サーバー拡張,1,"￥20,000",SV_01,TRUE,2023/01/01,
,株式会社プレミアムライフ,,成約,Comdesk Lead Standard Plan ID,23,"￥10,000",CL_ID_04,TRUE,2025/08/01,
,株式会社プレミアムライフ,,成約,スマートフォン利用料(Android),35,"￥4,000",MP_01,TRUE,2025/08/01,
,株式会社セルクル,,成約,Comdesk Lead 携帯回線プラン,41,"￥7,980",CL_MP_01,TRUE,2024/02/01,
,株式会社セルクル,,成約,貴社特別ディスカウント（月額）,41,"-￥5,980",DC_01,TRUE,2024/02/01,
,株式会社セルクル,,成約,Comdesk Lead Standard Plan ID,45,"￥6,000",CL_ID_04,TRUE,2025/08/01,
,IRISデータラボ株式会社,,成約,Comdesk Lead Standard Plan ID,5,"￥6,000",CL_ID_04,TRUE,2025/10/01,
,IRISデータラボ株式会社,,成約,Comdesk Lead 携帯回線プラン,5,"￥7,980",CL_MP_01,TRUE,2025/10/01,
,IRISデータラボ株式会社,,成約,ChatGPT連携オプション,5,"￥1,000",MP_OP_11,TRUE,2025/10/01,
,Wact Japan株式会社,,成約,Comdesk Lead Standard Plan ID,3,"￥6,000",CL_ID_04,TRUE,2026/03/01,
,Wact Japan株式会社,,成約,Comdesk Lead 携帯回線プラン,3,"￥7,980",CL_MP_01,TRUE,2026/03/01,
,株式会社KFU,,成約,Comdesk Lead Standard Plan ID,5,"￥6,000",CL_ID_04,TRUE,2026/03/01,
,株式会社KFU,,成約,Comdesk Lead 携帯回線プラン,4,"￥7,980",CL_MP_01,TRUE,2026/03/01,
,株式会社Betteris,,成約,Comdesk Lead Standard Plan ID,5,"￥6,000",CL_ID_04,TRUE,2025/09/01,
,株式会社Betteris,,成約,Comdesk Lead 携帯回線プラン,5,"￥7,980",CL_MP_01,TRUE,2025/09/01,
,株式会社カラダノート,,成約,Comdesk Lead Standard Plan ID,23,"￥6,000",CL_ID_04,TRUE,2025/09/01,
,株式会社カラダノート,,成約,Comdesk Lead 携帯回線プラン,23,"￥7,980",CL_MP_01,TRUE,2025/09/01,
,株式会社カラダノート,,成約,携帯SMSオプション,23,"￥1,000",MP_OP_01,TRUE,2025/09/01,
,アンドスキル株式会社,,成約,Comdesk Lead Standard Plan ID,6,"￥6,000",CL_ID_04,TRUE,2025/11/01,
,アンドスキル株式会社,,成約,Comdesk Lead 携帯回線プラン,6,"￥7,980",CL_MP_01,TRUE,2025/11/01,
,株式会社ANYONE,,成約,Comdesk Lead Standard Plan ID,10,"￥6,000",CL_ID_04,TRUE,2025/11/01,
,株式会社ANYONE,,成約,Comdesk Lead 携帯回線プラン,10,"￥7,980",CL_MP_01,TRUE,2025/11/01,
,株式会社サンポウヨシサービス,,成約,Comdesk Lead Standard Plan ID,4,"￥6,000",CL_ID_04,TRUE,2025/11/01,
,株式会社サンポウヨシサービス,,成約,Comdesk Lead IP回線プラン,4,￥980,CL_ID_06,TRUE,2025/11/01,
,株式会社サンポウヨシサービス,,成約,番号利用料0ABJ,1,￥500,IP_0ABJ,TRUE,2025/11/01,
,株式会社サンポウヨシサービス,,成約,チャネル利用料,4,"￥1,500",IP_Channel,TRUE,2025/11/01,
,株式会社RaiseAsset,,成約,Comdesk Lead Standard Plan ID,1,"￥6,000",CL_ID_04,TRUE,2025/12/01,
,株式会社RaiseAsset,,成約,Comdesk Lead 携帯回線プラン,1,"￥7,980",CL_MP_01,TRUE,2025/12/01,
,株式会社RaiseAsset,,成約,ChatGPT連携オプション,1,"￥1,000",MP_OP_11,TRUE,2025/12/01,
,株式会社RaiseAsset,,成約,携帯SMSオプション,1,"￥1,000",MP_OP_01,TRUE,2025/12/01,
,株式会社LUXENA,,成約,Comdesk Lead Standard Plan ID,3,"￥6,000",CL_ID_04,TRUE,2026/03/01,
,株式会社LUXENA,,成約,Comdesk Lead IP・携帯回線プラン,3,"￥7,980",CL_IPMO_01,TRUE,2026/03/01,
,株式会社LUXENA,,成約,番号利用料フリーダイヤル,2,"￥2,000",IP_FD,TRUE,2026/03/01,
,株式会社LUXENA,,成約,チャネル利用料,6,"￥1,500",IP_Channel,TRUE,2026/03/01,
,株式会社青楓館,,成約,Comdesk Lead IP回線プラン,1,￥980,CL_ID_06,TRUE,2023/05/01,
,株式会社青楓館,,成約,番号利用料0ABJ,1,￥500,IP_0ABJ,TRUE,2023/05/01,
,株式会社青楓館,,成約,チャネル利用料,1,"￥1,500",IP_Channel,TRUE,2023/05/01,
,株式会社青楓館,,成約,携帯SMSオプション,1,"￥1,000",MP_OP_01,TRUE,2023/05/01,
,株式会社青楓館,,成約,Comdesk Lead Standard Plan ID,1,"￥6,000",CL_ID_04,TRUE,2025/08/01,
,杉崎リース工業株式会社,,成約,Comdesk Lead Standard Plan ID,7,"￥6,000",CL_ID_04,TRUE,2023/12/01,
,杉崎リース工業株式会社,,成約,番号利用料0ABJ,1,￥500,IP_0ABJ,TRUE,2023/12/01,
,杉崎リース工業株式会社,,成約,チャネル利用料,7,"￥1,500",IP_Channel,TRUE,2023/12/01,
,杉崎リース工業株式会社,,成約,Web SMS（月額ライセンス料）,7,"￥1,000",OP_WebSMS_ID,TRUE,2024/02/01,
,杉崎リース工業株式会社,,成約,Comdesk Lead IP回線プラン,7,￥980,CL_ID_06,TRUE,2025/08/01,
,ワールド・ファミリー株式会社,,成約,Comdesk Lead Standard Plan ID,8,"￥6,000",CL_ID_04,TRUE,2023/10/01,
,ワールド・ファミリー株式会社,,成約,Comdesk Lead IP回線プラン,8,￥980,CL_ID_06,TRUE,2023/10/01,
,ワールド・ファミリー株式会社,,成約,チャネル利用料,5,"￥1,500",IP_Channel,TRUE,2023/10/01,
,ワールド・ファミリー株式会社,,成約,番号利用料0ABJ,1,￥500,IP_0ABJ,TRUE,2023/10/01,
,ワールド・ファミリー株式会社,,成約,Web SMS（月額ライセンス料）,8,"￥1,000",OP_WebSMS_ID,TRUE,2025/05/01,
,ワールド・ファミリー株式会社,,成約,Web SMS（片方向_月額費用）,1,"￥30,000",webSMS_01,TRUE,2025/05/01,
,株式会社プレジデント・ギア,,成約,チャネル利用料,1,"￥2,000",IP_Channel,TRUE,2025/08/01,
,株式会社プレジデント・ギア,,成約,番号利用料0ABJ,1,￥500,IP_0ABJ,TRUE,2025/08/01,
,株式会社UPDATE,,成約,貴社特別ディスカウント（月額）,5,"-￥6,000",DC_01,TRUE,2023/07/01,
,株式会社UPDATE,,成約,Comdesk Lead IP回線プラン,8,￥980,CL_ID_06,TRUE,2023/07/01,
,株式会社UPDATE,,成約,Comdesk Lead 携帯回線プラン(端末持込),3,"￥3,980",CL_MP_02,TRUE,2023/07/01,
,株式会社UPDATE,,成約,番号利用料0ABJ,3,￥500,IP_0ABJ,TRUE,2023/07/01,
,株式会社UPDATE,,成約,チャネル利用料,13,"￥1,500",IP_Channel,TRUE,2023/07/01,
,株式会社UPDATE,,成約,番号利用料フリーダイヤル,1,"￥2,000",IP_FD,TRUE,2025/08/01,
,株式会社UPDATE,,成約,Comdesk Lead Standard Plan ID,8,"￥6,000",CL_ID_04,TRUE,2025/08/01,
,クレスフォート法律事務所,,成約,IP回線基本料,1,"￥3,006",IP_01,TRUE,2022/12/01,
,クレスフォート法律事務所,,成約,Comdesk Lead Standard Plan ID,1,"￥8,000",CL_ID_04,TRUE,2025/08/01,
,クレスフォート法律事務所,,成約,番号利用料フリーダイヤル,1,"￥3,000",IP_FD,TRUE,2025/08/01,
,クレスフォート法律事務所,,成約,番号利用料0ABJ,1,￥500,IP_0ABJ,TRUE,2025/08/01,
,クレスフォート法律事務所,,成約,チャネル利用料,8,￥150,IP_Channel,TRUE,2025/08/01,
,NSSマーケティング株式会社,,成約,Comdesk Lead 携帯回線プラン,4,"￥7,980",CL_MP_01,TRUE,2023/02/07,
,NSSマーケティング株式会社,,成約,Comdesk Lead Standard Plan ID,4,"￥6,000",CL_ID_04,TRUE,2025/08/01,
,株式会社エイムライズ,,成約,Comdesk Lead Standard Plan ID,17,"￥6,000",CL_ID_04,TRUE,2023/11/01,
,株式会社エイムライズ,,成約,Comdesk Lead 携帯回線プラン,17,"￥7,980",CL_MP_01,TRUE,2023/11/01,
,株式会社alter,,成約,Comdesk Lead CRM連携Plan ID,15,"￥4,500",CL_ID_03,TRUE,2025/01/01,
,株式会社alter,,成約,Comdesk Lead 携帯回線プラン,15,"￥7,980",CL_MP_01,TRUE,2025/01/01,
,株式会社Sales Lab,,成約,Comdesk Lead 携帯回線プラン,4,"￥7,980",CL_MP_01,TRUE,2023/06/01,
,株式会社Sales Lab,,成約,Comdesk Lead Standard Plan ID,4,"￥6,000",CL_ID_04,TRUE,2025/08/01,
,株式会社WEBY,,成約,Comdesk Lead CRM連携Plan ID,19,"￥4,000",CL_ID_03,TRUE,2024/03/01,
,株式会社WEBY,,成約,Comdesk Lead IP・携帯回線プラン,17,"￥7,980",CL_IPMO_01,TRUE,2024/03/01,
,株式会社WEBY,,成約,番号利用料0ABJ,1,￥500,IP_0ABJ,TRUE,2024/03/01,
,株式会社WEBY,,成約,チャネル利用料,1,"￥1,500",IP_Channel,TRUE,2024/03/01,
,株式会社営業ハック,,成約,Comdesk Lead Standard Plan ID,58,"￥10,000",CL_ID_04,TRUE,2025/08/01,
,株式会社営業ハック,,成約,スマートフォン利用料(Android),55,"￥4,000",MP_01,TRUE,2025/08/01,
,株式会社営業ハック,,成約,Comdesk Lead Standard Plan IDより,58,"-￥3,000",DIS_4,TRUE,2026/03/01,
,株式会社マーケティングラボ,,成約,Comdesk Lead 携帯回線プラン,12,"￥7,980",CL_MP_01,TRUE,2023/04/01,
,株式会社マーケティングラボ,,成約,貴社特別ディスカウント（月額）,12,"-￥5,980",DC_01,TRUE,2023/04/01,
,株式会社マーケティングラボ,,成約,Comdesk Lead Standard Plan ID,12,"￥6,000",CL_ID_04,TRUE,2025/08/01,
,日星都市開発株式会社,,成約,Comdesk Lead Standard Plan ID,12,"￥10,000",CL_ID_04,TRUE,2025/08/01,
,日星都市開発株式会社,,成約,スマートフォン利用料(Android),12,"￥4,000",MP_01,TRUE,2025/08/01,
,株式会社シードエンジン,,成約,Comdesk Lead Standard Plan ID,1,"￥6,000",CL_ID_04,TRUE,2025/07/01,
,株式会社シードエンジン,,成約,Comdesk Lead 携帯回線プラン,1,"￥7,980",CL_MP_01,TRUE,2025/07/01,
,ムスベル株式会社,,成約,Comdesk Lead Standard Plan ID,267,"￥6,000",CL_ID_04,TRUE,2025/03/01,
,ムスベル株式会社,,成約,Comdesk Lead 携帯回線プラン(端末持込),267,"￥2,980",CL_MP_02,TRUE,2025/08/01,
,ムスベル株式会社,,成約,Comdesk Lead Standard Plan IDより,267,"-￥4,980",DIS_4,TRUE,2026/03/01,
,株式会社NST,,成約,Comdesk Lead 携帯回線プラン(端末持込),57,"￥3,980",CL_MP_02,TRUE,2023/06/01,
,株式会社NST,,成約,サーバー保守管理,1,"￥442,000",SV_02,TRUE,2023/06/01,
,株式会社NST,,成約,貴社特別ディスカウント（月額）,1,"-￥100,000",DC_01,TRUE,2023/07/01,
,株式会社NST,,成約,携帯SMSオプション,46,"￥1,000",MP_OP_01,TRUE,2023/07/01,
,株式会社NST,,成約,Comdesk Lead IP回線プラン,4,￥980,CL_ID_06,TRUE,2024/05/01,
,株式会社NST,,成約,チャネル利用料,4,"￥1,500",IP_Channel,TRUE,2024/05/01,
,株式会社NST,,成約,番号利用料0ABJ,1,￥500,IP_0ABJ,TRUE,2024/05/01,
,株式会社NST,,成約,Comdesk Lead Standard Plan ID,57,"￥6,000",CL_ID_04,TRUE,2025/08/01,
,株式会社NST,,成約,Comdesk Lead 携帯回線プラン(端末持込)より,57,-￥980,DIS_9,TRUE,2026/03/01,
,株式会社NST,,成約,Comdesk Lead 管理者用ID,22,"￥6,000",CL_ID_10,TRUE,2026/03/01,
,株式会社NST,,成約,Comdesk Lead 管理者用IDより,22,"-￥2,000",DIS_5,TRUE,2026/03/01,
,株式会社NST,,成約,Comdesk Lead Standard Plan IDより,57,"-￥1,200",DIS_4,TRUE,2026/03/01,
,株式会社NST,,成約,携帯SMSオプションより,46,"-￥1,000",DIS_16,TRUE,2026/03/01,
,Tplus株式会社,,成約,携帯SMSオプション,1,"￥1,000",MP_OP_01,TRUE,2023/07/01,
,Tplus株式会社,,成約,Comdesk Lead Standard Plan ID,39,"￥10,000",CL_ID_04,TRUE,2025/08/01,
,Tplus株式会社,,成約,スマートフォン利用料(Android),62,"￥4,000",MP_01,TRUE,2025/08/01,
,株式会社リバァイアンス,,成約,携帯オプション_法人基本パック,15,￥475,MO_OP_04,TRUE,2022/12/01,
,株式会社リバァイアンス,,成約,IP回線基本料,1,"￥4,500",IP_01,TRUE,2022/12/01,
,株式会社リバァイアンス,,成約,IP電話料金_Pack 20000,1,"￥20,000",IP_Pack20000,TRUE,2024/12/01,
,株式会社リバァイアンス,,成約,Comdesk Lead Standard Plan ID,14,"￥10,000",CL_ID_04,TRUE,2025/08/01,
,株式会社リバァイアンス,,成約,チャネル利用料,21,"￥2,000",IP_Channel,TRUE,2025/08/01,
,株式会社リバァイアンス,,成約,スマートフォン利用料(Android),15,"￥4,000",MP_01,TRUE,2025/08/01,
,株式会社REリンクス,,成約,Comdesk Lead IP回線プラン,4,￥980,CL_ID_06,TRUE,2023/11/01,
,株式会社REリンクス,,成約,番号利用料0ABJ,2,￥500,IP_0ABJ,TRUE,2023/11/01,
,株式会社REリンクス,,成約,チャネル利用料,9,"￥1,500",IP_Channel,TRUE,2023/11/01,
,株式会社REリンクス,,成約,Comdesk Lead Standard Plan ID,4,"￥6,000",CL_ID_04,TRUE,2025/08/01,
,株式会社REリンクス,,成約,番号利用料フリーダイヤル,1,"￥2,000",IP_FD,TRUE,2026/03/01,
,株式会社MJE,,成約,Comdesk Lead 携帯回線プラン(端末持込),12,"￥3,980",CL_MP_02,TRUE,2023/04/01,
,株式会社MJE,,成約,サーバー保守管理,1,"￥200,000",SV_02,TRUE,2023/08/01,
,株式会社MJE,,成約,Comdesk Lead Standard Plan ID,15,"￥6,000",CL_ID_04,TRUE,2025/08/01,
,株式会社MJE,,成約,Comdesk Lead Standard Plan IDより,15,"-￥2,400",DIS_4,TRUE,2026/03/01,
,株式会社ビズエッグ,,成約,Comdesk Lead Standard Plan ID,1,"￥6,000",CL_ID_04,TRUE,2025/12/01,
,株式会社ビズエッグ,,成約,Comdesk Lead IP回線プラン,1,￥980,CL_ID_06,TRUE,2025/12/01,
,株式会社ビズエッグ,,成約,チャネル利用料,5,"￥1,500",IP_Channel,TRUE,2025/12/01,
,株式会社ビズエッグ,,成約,番号利用料フリーダイヤル,2,"￥2,000",IP_FD,TRUE,2025/12/01,
,株式会社ビズエッグ,,成約,番号利用料0ABJ,3,￥500,IP_0ABJ,TRUE,2026/01/01,
,情報ハイウェイ協同組合,,成約,Comdesk Lead Standard Plan ID,9,"￥6,000",CL_ID_04,TRUE,2024/08/01,
,情報ハイウェイ協同組合,,成約,Comdesk Lead IP回線プラン,8,￥980,CL_ID_06,TRUE,2024/08/01,
,情報ハイウェイ協同組合,,成約,チャネル利用料,6,"￥1,500",IP_Channel,TRUE,2024/08/01,
,情報ハイウェイ協同組合,,成約,番号利用料0ABJ,6,￥500,IP_0ABJ,TRUE,2024/08/01,
,株式会社awesome,,成約,Comdesk Lead 携帯回線プラン,3,"￥7,980",CL_MP_01,TRUE,2025/06/01,
,株式会社awesome,,成約,Comdesk Lead Standard Plan ID,5,"￥6,000",CL_ID_04,TRUE,2025/06/01,
,株式会社awesome,,成約,携帯SMSオプション,5,"￥1,000",MP_OP_01,TRUE,2025/06/01,
,株式会社awesome,,成約,Comdesk Lead 携帯回線プラン(端末持込),2,"￥2,980",CL_MP_02,TRUE,2025/10/01,
,株式会社トリニアス,,成約,Comdesk Lead Standard Plan ID,31,"￥6,000",CL_ID_04,TRUE,2023/06/01,
,株式会社トリニアス,,成約,Comdesk Lead IP・携帯回線プラン,1,"￥7,980",CL_IPMO_01,TRUE,2023/06/01,
,株式会社トリニアス,,成約,Comdesk Lead IP回線プラン,27,￥980,CL_ID_06,TRUE,2023/06/01,
,株式会社トリニアス,,成約,チャネル利用料,50,"￥1,500",IP_Channel,TRUE,2023/06/01,
,株式会社トリニアス,,成約,番号利用料フリーダイヤル,3,"￥2,000",IP_FD,TRUE,2023/06/01,
,株式会社トリニアス,,成約,番号利用料0ABJ,3,￥500,IP_0ABJ,TRUE,2023/09/01,
,株式会社トリニアス,,成約,IP電話料金_Pack 100000,1,"￥100,000",IP_Pack100000,TRUE,2024/02/01,
,株式会社トリニアス,,成約,Comdesk Lead Standard Plan IDより,31,-￥900,DIS_4,TRUE,2026/03/01,
,株式会社スマイリーメソッド,,成約,チャネル利用料,5,"￥1,500",IP_Channel,TRUE,2023/06/01,
,株式会社スマイリーメソッド,,成約,番号利用料フリーダイヤル,3,"￥2,000",IP_FD,TRUE,2023/06/01,
,株式会社スマイリーメソッド,,成約,Comdesk Lead IP回線プラン,1,￥980,CL_ID_06,TRUE,2023/06/01,
,株式会社スマイリーメソッド,,成約,番号利用料0ABJ,2,￥500,IP_0ABJ,TRUE,2024/06/01,
,株式会社スマイリーメソッド,,成約,Comdesk Lead Standard Plan ID,1,"￥6,000",CL_ID_04,TRUE,2025/08/01,
,AZEST Neo株式会社,,成約,Comdesk Lead Standard Plan ID,39,"￥6,000",CL_ID_04,TRUE,2025/12/01,
,AZEST Neo株式会社,,成約,Comdesk Lead 携帯回線プラン(端末持込),33,"￥2,980",CL_MP_02,TRUE,2025/12/01,
,AZEST Neo株式会社,,成約,Comdesk Lead IP回線プラン,39,￥980,CL_ID_06,TRUE,2025/12/01,
,AZEST Neo株式会社,,成約,番号利用料0ABJ,1,￥500,IP_0ABJ,TRUE,2025/12/01,
,AZEST Neo株式会社,,成約,チャネル利用料,39,"￥1,500",IP_Channel,TRUE,2025/12/01,
,AZEST Neo株式会社,,成約,録音サーバー（月額保守費用）,1,"￥150,000",youwire_02,TRUE,2025/12/01,
,AZEST Neo株式会社,,成約,Comdesk Lead Standard Plan IDより,39,"-￥1,500",DIS_4,TRUE,2026/03/01,
,AZEST Neo株式会社,,成約,録音サーバー（月額保守費用）より,1,"-￥75,000",DIS_24,TRUE,2026/03/01,
,ライフライン株式会社,,成約,Comdesk Lead Standard Plan ID,22,"￥6,000",CL_ID_04,TRUE,2026/03/01,
,ライフライン株式会社,,成約,Comdesk Lead 携帯回線プラン(端末持込),22,"￥2,980",CL_MP_02,TRUE,2026/03/01,
,ライフライン株式会社,,成約,Comdesk Lead Standard Plan IDより,22,"-￥4,000",DIS_4,TRUE,2026/03/01,
,ライフライン株式会社,,成約,録音サーバー v2　（月額保守費用,1,"￥50,000",recording_server02,TRUE,2026/03/01,
,ライフライン株式会社,,成約,録音サーバー v2　（月額保守費用より,1,"-￥10,000",DIS_26,TRUE,2026/03/01,
,ライフライン株式会社,,成約,録音サーバー v2　（月額利用料/台数,22,￥500,recording_server03,TRUE,2026/03/01,
,株式会社Crestix,,成約,Comdesk Lead IP・携帯回線プラン,3,"￥7,980",CL_IPMO_01,TRUE,2026/01/01,
,株式会社Crestix,,成約,Comdesk Lead Standard Plan ID,3,"￥6,000",CL_ID_04,TRUE,2026/01/01,
,FRUOR株式会社,,成約,Comdesk Lead Standard Plan ID,38,"￥6,000",CL_ID_04,TRUE,2024/04/01,
,FRUOR株式会社,,成約,Comdesk Lead 携帯回線プラン,38,"￥7,980",CL_MP_01,TRUE,2024/04/01,
,FRUOR株式会社,,成約,Comdesk Lead Standard Plan IDより,38,"-￥1,000",DIS_4,TRUE,2026/03/01,
,ステップオファー株式会社,,成約,Comdesk Lead 携帯回線プラン,19,"￥7,980",CL_MP_01,TRUE,2023/10/01,
,ステップオファー株式会社,,成約,Comdesk Lead Standard Plan ID,1,"￥6,000",CL_ID_04,TRUE,2023/10/01,
,ステップオファー株式会社,,成約,Comdesk Lead CRM連携Plan ID,19,"￥3,000",CL_ID_03,TRUE,2023/10/01,
,ステップオファー株式会社,,成約,Comdesk Lead 携帯回線プランより,19,"-￥3,980",DIS_8,TRUE,2026/03/01,
,Y'sEpic株式会社,,成約,Comdesk Lead Standard Plan ID,19,"￥6,000",CL_ID_04,TRUE,2023/11/01,
,Y'sEpic株式会社,,成約,Comdesk Lead IP回線プラン,19,￥980,CL_ID_06,TRUE,2023/11/01,
,Y'sEpic株式会社,,成約,チャネル利用料,16,"￥1,500",IP_Channel,TRUE,2023/11/01,
,Y'sEpic株式会社,,成約,番号利用料0ABJ,5,￥500,IP_0ABJ,TRUE,2023/11/01,
,株式会社LIFIX,,成約,Comdesk Lead Standard Plan ID,8,"￥6,000",CL_ID_04,TRUE,2024/05/01,
,株式会社LIFIX,,成約,チャネル利用料,2,"￥1,500",IP_Channel,TRUE,2024/05/01,
,株式会社LIFIX,,成約,番号利用料フリーダイヤル,2,"￥2,000",IP_FD,TRUE,2024/05/01,
,株式会社LIFIX,,成約,Comdesk Lead IP・携帯回線プラン,6,"￥7,980",CL_IPMO_01,TRUE,2025/08/01,
,株式会社ダービー,,成約,Comdesk Lead Standard Plan ID,7,"￥6,000",CL_ID_04,TRUE,2025/12/01,
,株式会社ダービー,,成約,Comdesk Lead 携帯回線プラン,7,"￥7,980",CL_MP_01,TRUE,2025/12/01,
,株式会社ダービー,,成約,Comdesk Lead Standard Plan IDより,7,"-￥2,980",DIS_4,TRUE,2026/03/01,
,株式会社CONSCIENCE,,成約,Comdesk Lead Standard Plan ID,10,"￥6,000",CL_ID_04,TRUE,2025/12/01,
,株式会社CONSCIENCE,,成約,Comdesk Lead 携帯回線プラン,10,"￥7,980",CL_MP_01,TRUE,2025/12/01,
,株式会社CONSCIENCE,,成約,携帯SMSオプション,3,"￥1,000",MP_OP_01,TRUE,2025/12/01,
,株式会社Unith Link,,成約,Comdesk Lead Standard Plan ID,2,"￥6,000",CL_ID_04,TRUE,2026/01/01,
,株式会社Unith Link,,成約,Comdesk Lead IP回線プラン,2,￥980,CL_ID_06,TRUE,2026/01/01,
,株式会社Unith Link,,成約,番号利用料0ABJ,1,￥500,IP_0ABJ,TRUE,2026/01/01,
,株式会社Unith Link,,成約,チャネル利用料,2,"￥1,500",IP_Channel,TRUE,2026/01/01,
,株式会社alanize,,成約,Comdesk Lead Standard Plan ID,4,"￥6,000",CL_ID_04,TRUE,2023/08/01,
,株式会社alanize,,成約,Comdesk Lead 携帯回線プラン,4,"￥7,980",CL_MP_01,TRUE,2023/08/01,
,株式会社alanize,,成約,貴社特別ディスカウント（月額）,4,"-￥4,980",DC_01,TRUE,2025/08/01,
,ARアドバンストテクノロジ株式会社,,成約,,,,,FALSE,,
,株式会社ジェイドゥー,,成約,,,,,FALSE,,
,株式会社オールスマート,,成約,,,,,FALSE,,
,株式会社オールスマート,,成約,,,,,FALSE,,
,TOPPANエッジ株式会社,,成約,,,,,FALSE,,
,TOPPANエッジ株式会社,,成約,,,,,FALSE,,
,株式会社ビー・テック,,成約,,,,,FALSE,,
,株式会社ピース,,成約,,,,,FALSE,,
,株式会社ピース,,成約,,,,,FALSE,,
,株式会社ピース,,成約,,,,,FALSE,,
,株式会社リボルブ・シス,,成約,,,,,FALSE,,
,エレクス株式会社,,成約,,,,,FALSE,,
,株式会社Widsley,,成約,,,,,FALSE,,
,Coalition株式会社,,成約,,,,,FALSE,,
,TEAM-X株式会社,,成約,,,,,FALSE,,
,Foonz株式会社,,成約,,,,,FALSE,,
,株式会社2nd Life,,成約,,,,,FALSE,,
,合計,計数,1042,,,,,,,